"","title","geo_accession","status","submission_date","last_update_date","type","channel_count","source_name_ch1","organism_ch1","characteristics_ch1","molecule_ch1","extract_protocol_ch1","label_ch1","label_protocol_ch1","taxid_ch1","scan_protocol","description","data_processing","platform_id","contact_name","contact_email","contact_institute","contact_address","contact_city","contact_state","contact_zip/postal_code","contact_country","supplementary_file","data_row_count"
"GSM136578","045_01_01","GSM136578","Public on Jan 31 2008","Sep 15 2006","Aug 28 2007","RNA","1","Pre-treatment metastatic biopsy of CRC","Homo sapiens","Tissue: Liver","total RNA","RNA isolated from core-needle biopsy stored in RNAlater at RT using RNeasy Mini Kit (Qiagen)according to the manufacturer's instructions.","biotin","Biotinylated cRNA were prepared according to the standard Affymetrix protocol from 1 microg total RNA RNA!Sample_hyb_protocol = Standard Affymetrix procedures","9606","GeneChips were scanned using the Affymetrix GeneChip Scanner 3000","Gene expression data from pre-cetuximab monotherapy treatment biopsies of advanced metastatic colorectal cancer patients","Data scaled to 1500 mean signal intensity value using GCOS 1.1.1.052","GPL571","Shirin,Khambata,Ford","shirin.ford@bms.com","Bristol-Myers Squibb Pharmaceutical Research Institute","311 Pennington-Rocky Hill Road, 3B-2.06","Pennington","NJ","08534","USA","ftp://ftp.ncbi.nlm.nih.gov/pub/geo/DATA/supplementary/samples/GSM136nnn/GSM136578/GSM136578.CEL.gz","22277"
"GSM136579","045_01_03","GSM136579","Public on Jan 31 2008","Sep 15 2006","Aug 28 2007","RNA","1","Pre-treatment metastatic biopsy of CRC","Homo sapiens","Tissue: Rectum","total RNA","RNA isolated from core-needle biopsy stored in RNAlater at RT using RNeasy Mini Kit (Qiagen)according to the manufacturer's instructions.","biotin","Biotinylated cRNA were prepared according to the standard Affymetrix protocol from 1 microg total RNA RNA!Sample_hyb_protocol = Standard Affymetrix procedures","9606","GeneChips were scanned using the Affymetrix GeneChip Scanner 3000","Gene expression data from pre-cetuximab monotherapy treatment biopsies of advanced metastatic colorectal cancer patients","Data scaled to 1500 mean signal intensity value using GCOS 1.1.1.052","GPL571","Shirin,Khambata,Ford","shirin.ford@bms.com","Bristol-Myers Squibb Pharmaceutical Research Institute","311 Pennington-Rocky Hill Road, 3B-2.06","Pennington","NJ","08534","USA","ftp://ftp.ncbi.nlm.nih.gov/pub/geo/DATA/supplementary/samples/GSM136nnn/GSM136579/GSM136579.CEL.gz","22277"
"GSM136580","045_01_04","GSM136580","Public on Jan 31 2008","Sep 15 2006","Aug 28 2007","RNA","1","Pre-treatment metastatic biopsy of CRC","Homo sapiens","Tissue:  Liver","total RNA","RNA isolated from core-needle biopsy stored in RNAlater at RT using RNeasy Mini Kit (Qiagen)according to the manufacturer's instructions.","biotin","Biotinylated cRNA were prepared according to the standard Affymetrix protocol from 1 microg total RNA RNA!Sample_hyb_protocol = Standard Affymetrix procedures","9606","GeneChips were scanned using the Affymetrix GeneChip Scanner 3000","Gene expression data from pre-cetuximab monotherapy treatment biopsies of advanced metastatic colorectal cancer patients","Data scaled to 1500 mean signal intensity value using GCOS 1.1.1.052","GPL571","Shirin,Khambata,Ford","shirin.ford@bms.com","Bristol-Myers Squibb Pharmaceutical Research Institute","311 Pennington-Rocky Hill Road, 3B-2.06","Pennington","NJ","08534","USA","ftp://ftp.ncbi.nlm.nih.gov/pub/geo/DATA/supplementary/samples/GSM136nnn/GSM136580/GSM136580.CEL.gz","22277"
"GSM136581","045_01_05","GSM136581","Public on Jan 31 2008","Sep 15 2006","Aug 28 2007","RNA","1","Pre-treatment metastatic biopsy of CRC","Homo sapiens","Tissue:  Liver","total RNA","RNA isolated from core-needle biopsy stored in RNAlater at RT using RNeasy Mini Kit (Qiagen)according to the manufacturer's instructions.","biotin","Biotinylated cRNA were prepared according to the standard Affymetrix protocol from 1 microg total RNA RNA!Sample_hyb_protocol = Standard Affymetrix procedures","9606","GeneChips were scanned using the Affymetrix GeneChip Scanner 3000","Gene expression data from pre-cetuximab monotherapy treatment biopsies of advanced metastatic colorectal cancer patients","Data scaled to 1500 mean signal intensity value using GCOS 1.1.1.052","GPL571","Shirin,Khambata,Ford","shirin.ford@bms.com","Bristol-Myers Squibb Pharmaceutical Research Institute","311 Pennington-Rocky Hill Road, 3B-2.06","Pennington","NJ","08534","USA","ftp://ftp.ncbi.nlm.nih.gov/pub/geo/DATA/supplementary/samples/GSM136nnn/GSM136581/GSM136581.CEL.gz","22277"
"GSM136582","045_01_07","GSM136582","Public on Jan 31 2008","Sep 15 2006","Aug 28 2007","RNA","1","Pre-treatment metastatic biopsy of CRC","Homo sapiens","Tissue:  Liver","total RNA","RNA isolated from core-needle biopsy stored in RNAlater at RT using RNeasy Mini Kit (Qiagen)according to the manufacturer's instructions.","biotin","Biotinylated cRNA were prepared according to the standard Affymetrix protocol from 1 microg total RNA RNA!Sample_hyb_protocol = Standard Affymetrix procedures","9606","GeneChips were scanned using the Affymetrix GeneChip Scanner 3000","Gene expression data from pre-cetuximab monotherapy treatment biopsies of advanced metastatic colorectal cancer patients","Data scaled to 1500 mean signal intensity value using GCOS 1.1.1.052","GPL571","Shirin,Khambata,Ford","shirin.ford@bms.com","Bristol-Myers Squibb Pharmaceutical Research Institute","311 Pennington-Rocky Hill Road, 3B-2.06","Pennington","NJ","08534","USA","ftp://ftp.ncbi.nlm.nih.gov/pub/geo/DATA/supplementary/samples/GSM136nnn/GSM136582/GSM136582.CEL.gz","22277"
"GSM136583","045_01_08","GSM136583","Public on Jan 31 2008","Sep 15 2006","Aug 28 2007","RNA","1","Pre-treatment metastatic biopsy of CRC","Homo sapiens","Tissue: Lung","total RNA","RNA isolated from core-needle biopsy stored in RNAlater at RT using RNeasy Mini Kit (Qiagen)according to the manufacturer's instructions.","biotin","Biotinylated cRNA were prepared according to the standard Affymetrix protocol from 1 microg total RNA RNA!Sample_hyb_protocol = Standard Affymetrix procedures","9606","GeneChips were scanned using the Affymetrix GeneChip Scanner 3000","Gene expression data from pre-cetuximab monotherapy treatment biopsies of advanced metastatic colorectal cancer patients","Data scaled to 1500 mean signal intensity value using GCOS 1.1.1.052","GPL571","Shirin,Khambata,Ford","shirin.ford@bms.com","Bristol-Myers Squibb Pharmaceutical Research Institute","311 Pennington-Rocky Hill Road, 3B-2.06","Pennington","NJ","08534","USA","ftp://ftp.ncbi.nlm.nih.gov/pub/geo/DATA/supplementary/samples/GSM136nnn/GSM136583/GSM136583.CEL.gz","22277"
"GSM136584","045_01_09","GSM136584","Public on Jan 31 2008","Sep 15 2006","Aug 28 2007","RNA","1","Pre-treatment metastatic biopsy of CRC","Homo sapiens","Tissue: Liver","total RNA","RNA isolated from core-needle biopsy stored in RNAlater at RT using RNeasy Mini Kit (Qiagen)according to the manufacturer's instructions.","biotin","Biotinylated cRNA were prepared according to the standard Affymetrix protocol from 1 microg total RNA RNA!Sample_hyb_protocol = Standard Affymetrix procedures","9606","GeneChips were scanned using the Affymetrix GeneChip Scanner 3000","Gene expression data from pre-cetuximab monotherapy treatment biopsies of advanced metastatic colorectal cancer patients","Data scaled to 1500 mean signal intensity value using GCOS 1.1.1.052","GPL571","Shirin,Khambata,Ford","shirin.ford@bms.com","Bristol-Myers Squibb Pharmaceutical Research Institute","311 Pennington-Rocky Hill Road, 3B-2.06","Pennington","NJ","08534","USA","ftp://ftp.ncbi.nlm.nih.gov/pub/geo/DATA/supplementary/samples/GSM136nnn/GSM136584/GSM136584.CEL.gz","22277"
"GSM136585","045_01_10","GSM136585","Public on Jan 31 2008","Sep 15 2006","Aug 28 2007","RNA","1","Pre-treatment metastatic biopsy of CRC","Homo sapiens","Tissue: Liver","total RNA","RNA isolated from core-needle biopsy stored in RNAlater at RT using RNeasy Mini Kit (Qiagen)according to the manufacturer's instructions.","biotin","Biotinylated cRNA were prepared according to the standard Affymetrix protocol from 1 microg total RNA RNA!Sample_hyb_protocol = Standard Affymetrix procedures","9606","GeneChips were scanned using the Affymetrix GeneChip Scanner 3000","Gene expression data from pre-cetuximab monotherapy treatment biopsies of advanced metastatic colorectal cancer patients","Data scaled to 1500 mean signal intensity value using GCOS 1.1.1.052","GPL571","Shirin,Khambata,Ford","shirin.ford@bms.com","Bristol-Myers Squibb Pharmaceutical Research Institute","311 Pennington-Rocky Hill Road, 3B-2.06","Pennington","NJ","08534","USA","ftp://ftp.ncbi.nlm.nih.gov/pub/geo/DATA/supplementary/samples/GSM136nnn/GSM136585/GSM136585.CEL.gz","22277"
"GSM136586","045_01_11","GSM136586","Public on Jan 31 2008","Sep 15 2006","Aug 28 2007","RNA","1","Pre-treatment metastatic biopsy of CRC","Homo sapiens","Tissue: Abdomen","total RNA","RNA isolated from core-needle biopsy stored in RNAlater at RT using RNeasy Mini Kit (Qiagen)according to the manufacturer's instructions.","biotin","Biotinylated cRNA were prepared according to the standard Affymetrix protocol from 1 microg total RNA RNA!Sample_hyb_protocol = Standard Affymetrix procedures","9606","GeneChips were scanned using the Affymetrix GeneChip Scanner 3000","Gene expression data from pre-cetuximab monotherapy treatment biopsies of advanced metastatic colorectal cancer patients","Data scaled to 1500 mean signal intensity value using GCOS 1.1.1.052","GPL571","Shirin,Khambata,Ford","shirin.ford@bms.com","Bristol-Myers Squibb Pharmaceutical Research Institute","311 Pennington-Rocky Hill Road, 3B-2.06","Pennington","NJ","08534","USA","ftp://ftp.ncbi.nlm.nih.gov/pub/geo/DATA/supplementary/samples/GSM136nnn/GSM136586/GSM136586.CEL.gz","22277"
"GSM136587","045_02_01","GSM136587","Public on Jan 31 2008","Sep 15 2006","Aug 28 2007","RNA","1","Pre-treatment metastatic biopsy of CRC","Homo sapiens","Tissue: Liver","total RNA","RNA isolated from core-needle biopsy stored in RNAlater at RT using RNeasy Mini Kit (Qiagen)according to the manufacturer's instructions.","biotin","Biotinylated cRNA were prepared according to the standard Affymetrix protocol from 1 microg total RNA RNA!Sample_hyb_protocol = Standard Affymetrix procedures","9606","GeneChips were scanned using the Affymetrix GeneChip Scanner 3000","Gene expression data from pre-cetuximab monotherapy treatment biopsies of advanced metastatic colorectal cancer patients","Data scaled to 1500 mean signal intensity value using GCOS 1.1.1.052","GPL571","Shirin,Khambata,Ford","shirin.ford@bms.com","Bristol-Myers Squibb Pharmaceutical Research Institute","311 Pennington-Rocky Hill Road, 3B-2.06","Pennington","NJ","08534","USA","ftp://ftp.ncbi.nlm.nih.gov/pub/geo/DATA/supplementary/samples/GSM136nnn/GSM136587/GSM136587.CEL.gz","22277"
"GSM136588","045_02_02","GSM136588","Public on Jan 31 2008","Sep 15 2006","Aug 28 2007","RNA","1","Pre-treatment metastatic biopsy of CRC","Homo sapiens","Tissue: Liver","total RNA","RNA isolated from core-needle biopsy stored in RNAlater at RT using RNeasy Mini Kit (Qiagen)according to the manufacturer's instructions.","biotin","Biotinylated cRNA were prepared according to the standard Affymetrix protocol from 1 microg total RNA RNA!Sample_hyb_protocol = Standard Affymetrix procedures","9606","GeneChips were scanned using the Affymetrix GeneChip Scanner 3000","Gene expression data from pre-cetuximab monotherapy treatment biopsies of advanced metastatic colorectal cancer patients","Data scaled to 1500 mean signal intensity value using GCOS 1.1.1.052","GPL571","Shirin,Khambata,Ford","shirin.ford@bms.com","Bristol-Myers Squibb Pharmaceutical Research Institute","311 Pennington-Rocky Hill Road, 3B-2.06","Pennington","NJ","08534","USA","ftp://ftp.ncbi.nlm.nih.gov/pub/geo/DATA/supplementary/samples/GSM136nnn/GSM136588/GSM136588.CEL.gz","22277"
"GSM136589","045_02_03","GSM136589","Public on Jan 31 2008","Sep 15 2006","Aug 28 2007","RNA","1","Pre-treatment metastatic biopsy of CRC","Homo sapiens","Tissue: Liver","total RNA","RNA isolated from core-needle biopsy stored in RNAlater at RT using RNeasy Mini Kit (Qiagen)according to the manufacturer's instructions.","biotin","Biotinylated cRNA were prepared according to the standard Affymetrix protocol from 1 microg total RNA RNA!Sample_hyb_protocol = Standard Affymetrix procedures","9606","GeneChips were scanned using the Affymetrix GeneChip Scanner 3000","Gene expression data from pre-cetuximab monotherapy treatment biopsies of advanced metastatic colorectal cancer patients","Data scaled to 1500 mean signal intensity value using GCOS 1.1.1.052","GPL571","Shirin,Khambata,Ford","shirin.ford@bms.com","Bristol-Myers Squibb Pharmaceutical Research Institute","311 Pennington-Rocky Hill Road, 3B-2.06","Pennington","NJ","08534","USA","ftp://ftp.ncbi.nlm.nih.gov/pub/geo/DATA/supplementary/samples/GSM136nnn/GSM136589/GSM136589.CEL.gz","22277"
"GSM136590","045_02_04","GSM136590","Public on Jan 31 2008","Sep 15 2006","Aug 28 2007","RNA","1","Pre-treatment metastatic biopsy of CRC","Homo sapiens","Tissue: Liver","total RNA","RNA isolated from core-needle biopsy stored in RNAlater at RT using RNeasy Mini Kit (Qiagen)according to the manufacturer's instructions.","biotin","Biotinylated cRNA were prepared according to the standard Affymetrix protocol from 1 microg total RNA RNA!Sample_hyb_protocol = Standard Affymetrix procedures","9606","GeneChips were scanned using the Affymetrix GeneChip Scanner 3000","Gene expression data from pre-cetuximab monotherapy treatment biopsies of advanced metastatic colorectal cancer patients","Data scaled to 1500 mean signal intensity value using GCOS 1.1.1.052","GPL571","Shirin,Khambata,Ford","shirin.ford@bms.com","Bristol-Myers Squibb Pharmaceutical Research Institute","311 Pennington-Rocky Hill Road, 3B-2.06","Pennington","NJ","08534","USA","ftp://ftp.ncbi.nlm.nih.gov/pub/geo/DATA/supplementary/samples/GSM136nnn/GSM136590/GSM136590.CEL.gz","22277"
"GSM136591","045_02_05","GSM136591","Public on Jan 31 2008","Sep 15 2006","Aug 28 2007","RNA","1","Pre-treatment metastatic biopsy of CRC","Homo sapiens","Tissue: Liver","total RNA","RNA isolated from core-needle biopsy stored in RNAlater at RT using RNeasy Mini Kit (Qiagen)according to the manufacturer's instructions.","biotin","Biotinylated cRNA were prepared according to the standard Affymetrix protocol from 1 microg total RNA RNA!Sample_hyb_protocol = Standard Affymetrix procedures","9606","GeneChips were scanned using the Affymetrix GeneChip Scanner 3000","Gene expression data from pre-cetuximab monotherapy treatment biopsies of advanced metastatic colorectal cancer patients","Data scaled to 1500 mean signal intensity value using GCOS 1.1.1.052","GPL571","Shirin,Khambata,Ford","shirin.ford@bms.com","Bristol-Myers Squibb Pharmaceutical Research Institute","311 Pennington-Rocky Hill Road, 3B-2.06","Pennington","NJ","08534","USA","ftp://ftp.ncbi.nlm.nih.gov/pub/geo/DATA/supplementary/samples/GSM136nnn/GSM136591/GSM136591.CEL.gz","22277"
"GSM136592","045_02_06","GSM136592","Public on Jan 31 2008","Sep 15 2006","Aug 28 2007","RNA","1","Pre-treatment metastatic biopsy of CRC","Homo sapiens","Tissue: Lung","total RNA","RNA isolated from core-needle biopsy stored in RNAlater at RT using RNeasy Mini Kit (Qiagen)according to the manufacturer's instructions.","biotin","Biotinylated cRNA were prepared according to the standard Affymetrix protocol from 1 microg total RNA RNA!Sample_hyb_protocol = Standard Affymetrix procedures","9606","GeneChips were scanned using the Affymetrix GeneChip Scanner 3000","Gene expression data from pre-cetuximab monotherapy treatment biopsies of advanced metastatic colorectal cancer patients","Data scaled to 1500 mean signal intensity value using GCOS 1.1.1.052","GPL571","Shirin,Khambata,Ford","shirin.ford@bms.com","Bristol-Myers Squibb Pharmaceutical Research Institute","311 Pennington-Rocky Hill Road, 3B-2.06","Pennington","NJ","08534","USA","ftp://ftp.ncbi.nlm.nih.gov/pub/geo/DATA/supplementary/samples/GSM136nnn/GSM136592/GSM136592.CEL.gz","22277"
"GSM136593","045_02_08","GSM136593","Public on Jan 31 2008","Sep 15 2006","Aug 28 2007","RNA","1","Pre-treatment metastatic biopsy of CRC","Homo sapiens","Tissue: Lung","total RNA","RNA isolated from core-needle biopsy stored in RNAlater at RT using RNeasy Mini Kit (Qiagen)according to the manufacturer's instructions.","biotin","Biotinylated cRNA were prepared according to the standard Affymetrix protocol from 1 microg total RNA RNA!Sample_hyb_protocol = Standard Affymetrix procedures","9606","GeneChips were scanned using the Affymetrix GeneChip Scanner 3000","Gene expression data from pre-cetuximab monotherapy treatment biopsies of advanced metastatic colorectal cancer patients","Data scaled to 1500 mean signal intensity value using GCOS 1.1.1.052","GPL571","Shirin,Khambata,Ford","shirin.ford@bms.com","Bristol-Myers Squibb Pharmaceutical Research Institute","311 Pennington-Rocky Hill Road, 3B-2.06","Pennington","NJ","08534","USA","ftp://ftp.ncbi.nlm.nih.gov/pub/geo/DATA/supplementary/samples/GSM136nnn/GSM136593/GSM136593.CEL.gz","22277"
"GSM136594","045_02_09","GSM136594","Public on Jan 31 2008","Sep 15 2006","Aug 28 2007","RNA","1","Pre-treatment metastatic biopsy of CRC","Homo sapiens","Tissue: Liver","total RNA","RNA isolated from core-needle biopsy stored in RNAlater at RT using RNeasy Mini Kit (Qiagen)according to the manufacturer's instructions.","biotin","Biotinylated cRNA were prepared according to the standard Affymetrix protocol from 1 microg total RNA RNA!Sample_hyb_protocol = Standard Affymetrix procedures","9606","GeneChips were scanned using the Affymetrix GeneChip Scanner 3000","Gene expression data from pre-cetuximab monotherapy treatment biopsies of advanced metastatic colorectal cancer patients","Data scaled to 1500 mean signal intensity value using GCOS 1.1.1.052","GPL571","Shirin,Khambata,Ford","shirin.ford@bms.com","Bristol-Myers Squibb Pharmaceutical Research Institute","311 Pennington-Rocky Hill Road, 3B-2.06","Pennington","NJ","08534","USA","ftp://ftp.ncbi.nlm.nih.gov/pub/geo/DATA/supplementary/samples/GSM136nnn/GSM136594/GSM136594.CEL.gz","22277"
"GSM136595","045_02_10","GSM136595","Public on Jan 31 2008","Sep 15 2006","Aug 28 2007","RNA","1","Pre-treatment metastatic biopsy of CRC","Homo sapiens","Tissue: Liver","total RNA","RNA isolated from core-needle biopsy stored in RNAlater at RT using RNeasy Mini Kit (Qiagen)according to the manufacturer's instructions.","biotin","Biotinylated cRNA were prepared according to the standard Affymetrix protocol from 1 microg total RNA RNA!Sample_hyb_protocol = Standard Affymetrix procedures","9606","GeneChips were scanned using the Affymetrix GeneChip Scanner 3000","Gene expression data from pre-cetuximab monotherapy treatment biopsies of advanced metastatic colorectal cancer patients","Data scaled to 1500 mean signal intensity value using GCOS 1.1.1.052","GPL571","Shirin,Khambata,Ford","shirin.ford@bms.com","Bristol-Myers Squibb Pharmaceutical Research Institute","311 Pennington-Rocky Hill Road, 3B-2.06","Pennington","NJ","08534","USA","ftp://ftp.ncbi.nlm.nih.gov/pub/geo/DATA/supplementary/samples/GSM136nnn/GSM136595/GSM136595.CEL.gz","22277"
"GSM136596","045_03_01","GSM136596","Public on Jan 31 2008","Sep 15 2006","Aug 28 2007","RNA","1","Pre-treatment metastatic biopsy of CRC","Homo sapiens","Tissue: Liver","total RNA","RNA isolated from core-needle biopsy stored in RNAlater at RT using RNeasy Mini Kit (Qiagen)according to the manufacturer's instructions.","biotin","Biotinylated cRNA were prepared according to the standard Affymetrix protocol from 1 microg total RNA RNA!Sample_hyb_protocol = Standard Affymetrix procedures","9606","GeneChips were scanned using the Affymetrix GeneChip Scanner 3000","Gene expression data from pre-cetuximab monotherapy treatment biopsies of advanced metastatic colorectal cancer patients","Data scaled to 1500 mean signal intensity value using GCOS 1.1.1.052","GPL571","Shirin,Khambata,Ford","shirin.ford@bms.com","Bristol-Myers Squibb Pharmaceutical Research Institute","311 Pennington-Rocky Hill Road, 3B-2.06","Pennington","NJ","08534","USA","ftp://ftp.ncbi.nlm.nih.gov/pub/geo/DATA/supplementary/samples/GSM136nnn/GSM136596/GSM136596.CEL.gz","22277"
"GSM136597","045_03_02","GSM136597","Public on Jan 31 2008","Sep 15 2006","Aug 28 2007","RNA","1","Pre-treatment metastatic biopsy of CRC","Homo sapiens","Tissue: Liver","total RNA","RNA isolated from core-needle biopsy stored in RNAlater at RT using RNeasy Mini Kit (Qiagen)according to the manufacturer's instructions.","biotin","Biotinylated cRNA were prepared according to the standard Affymetrix protocol from 1 microg total RNA RNA!Sample_hyb_protocol = Standard Affymetrix procedures","9606","GeneChips were scanned using the Affymetrix GeneChip Scanner 3000","Gene expression data from pre-cetuximab monotherapy treatment biopsies of advanced metastatic colorectal cancer patients","Data scaled to 1500 mean signal intensity value using GCOS 1.1.1.052","GPL571","Shirin,Khambata,Ford","shirin.ford@bms.com","Bristol-Myers Squibb Pharmaceutical Research Institute","311 Pennington-Rocky Hill Road, 3B-2.06","Pennington","NJ","08534","USA","ftp://ftp.ncbi.nlm.nih.gov/pub/geo/DATA/supplementary/samples/GSM136nnn/GSM136597/GSM136597.CEL.gz","22277"
"GSM136598","045_03_03","GSM136598","Public on Jan 31 2008","Sep 15 2006","Aug 28 2007","RNA","1","Pre-treatment metastatic biopsy of CRC","Homo sapiens","Tissue: Liver","total RNA","RNA isolated from core-needle biopsy stored in RNAlater at RT using RNeasy Mini Kit (Qiagen)according to the manufacturer's instructions.","biotin","Biotinylated cRNA were prepared according to the standard Affymetrix protocol from 1 microg total RNA RNA!Sample_hyb_protocol = Standard Affymetrix procedures","9606","GeneChips were scanned using the Affymetrix GeneChip Scanner 3000","Gene expression data from pre-cetuximab monotherapy treatment biopsies of advanced metastatic colorectal cancer patients","Data scaled to 1500 mean signal intensity value using GCOS 1.1.1.052","GPL571","Shirin,Khambata,Ford","shirin.ford@bms.com","Bristol-Myers Squibb Pharmaceutical Research Institute","311 Pennington-Rocky Hill Road, 3B-2.06","Pennington","NJ","08534","USA","ftp://ftp.ncbi.nlm.nih.gov/pub/geo/DATA/supplementary/samples/GSM136nnn/GSM136598/GSM136598.CEL.gz","22277"
"GSM136599","045_03_04","GSM136599","Public on Jan 31 2008","Sep 15 2006","Aug 28 2007","RNA","1","Pre-treatment metastatic biopsy of CRC","Homo sapiens","Tissue: Bone","total RNA","RNA isolated from core-needle biopsy stored in RNAlater at RT using RNeasy Mini Kit (Qiagen)according to the manufacturer's instructions.","biotin","Biotinylated cRNA were prepared according to the standard Affymetrix protocol from 1 microg total RNA RNA!Sample_hyb_protocol = Standard Affymetrix procedures","9606","GeneChips were scanned using the Affymetrix GeneChip Scanner 3000","Gene expression data from pre-cetuximab monotherapy treatment biopsies of advanced metastatic colorectal cancer patients","Data scaled to 1500 mean signal intensity value using GCOS 1.1.1.052","GPL571","Shirin,Khambata,Ford","shirin.ford@bms.com","Bristol-Myers Squibb Pharmaceutical Research Institute","311 Pennington-Rocky Hill Road, 3B-2.06","Pennington","NJ","08534","USA","ftp://ftp.ncbi.nlm.nih.gov/pub/geo/DATA/supplementary/samples/GSM136nnn/GSM136599/GSM136599.CEL.gz","22277"
"GSM136600","045_03_05","GSM136600","Public on Jan 31 2008","Sep 15 2006","Aug 28 2007","RNA","1","Pre-treatment metastatic biopsy of CRC","Homo sapiens","Tissue: Liver","total RNA","RNA isolated from core-needle biopsy stored in RNAlater at RT using RNeasy Mini Kit (Qiagen)according to the manufacturer's instructions.","biotin","Biotinylated cRNA were prepared according to the standard Affymetrix protocol from 1 microg total RNA RNA!Sample_hyb_protocol = Standard Affymetrix procedures","9606","GeneChips were scanned using the Affymetrix GeneChip Scanner 3000","Gene expression data from pre-cetuximab monotherapy treatment biopsies of advanced metastatic colorectal cancer patients","Data scaled to 1500 mean signal intensity value using GCOS 1.1.1.052","GPL571","Shirin,Khambata,Ford","shirin.ford@bms.com","Bristol-Myers Squibb Pharmaceutical Research Institute","311 Pennington-Rocky Hill Road, 3B-2.06","Pennington","NJ","08534","USA","ftp://ftp.ncbi.nlm.nih.gov/pub/geo/DATA/supplementary/samples/GSM136nnn/GSM136600/GSM136600.CEL.gz","22277"
"GSM136601","045_03_06","GSM136601","Public on Jan 31 2008","Sep 15 2006","Aug 28 2007","RNA","1","Pre-treatment metastatic biopsy of CRC","Homo sapiens","Tissue: Colon","total RNA","RNA isolated from core-needle biopsy stored in RNAlater at RT using RNeasy Mini Kit (Qiagen)according to the manufacturer's instructions.","biotin","Biotinylated cRNA were prepared according to the standard Affymetrix protocol from 1 microg total RNA RNA!Sample_hyb_protocol = Standard Affymetrix procedures","9606","GeneChips were scanned using the Affymetrix GeneChip Scanner 3000","Gene expression data from pre-cetuximab monotherapy treatment biopsies of advanced metastatic colorectal cancer patients","Data scaled to 1500 mean signal intensity value using GCOS 1.1.1.052","GPL571","Shirin,Khambata,Ford","shirin.ford@bms.com","Bristol-Myers Squibb Pharmaceutical Research Institute","311 Pennington-Rocky Hill Road, 3B-2.06","Pennington","NJ","08534","USA","ftp://ftp.ncbi.nlm.nih.gov/pub/geo/DATA/supplementary/samples/GSM136nnn/GSM136601/GSM136601.CEL.gz","22277"
"GSM136602","045_03_08","GSM136602","Public on Jan 31 2008","Sep 15 2006","Aug 28 2007","RNA","1","Pre-treatment metastatic biopsy of CRC","Homo sapiens","Tissue: Liver","total RNA","RNA isolated from core-needle biopsy stored in RNAlater at RT using RNeasy Mini Kit (Qiagen)according to the manufacturer's instructions.","biotin","Biotinylated cRNA were prepared according to the standard Affymetrix protocol from 1 microg total RNA RNA!Sample_hyb_protocol = Standard Affymetrix procedures","9606","GeneChips were scanned using the Affymetrix GeneChip Scanner 3000","Gene expression data from pre-cetuximab monotherapy treatment biopsies of advanced metastatic colorectal cancer patients","Data scaled to 1500 mean signal intensity value using GCOS 1.1.1.052","GPL571","Shirin,Khambata,Ford","shirin.ford@bms.com","Bristol-Myers Squibb Pharmaceutical Research Institute","311 Pennington-Rocky Hill Road, 3B-2.06","Pennington","NJ","08534","USA","ftp://ftp.ncbi.nlm.nih.gov/pub/geo/DATA/supplementary/samples/GSM136nnn/GSM136602/GSM136602.CEL.gz","22277"
"GSM136603","045_03_09","GSM136603","Public on Jan 31 2008","Sep 15 2006","Aug 28 2007","RNA","1","Pre-treatment metastatic biopsy of CRC","Homo sapiens","Tissue: Liver","total RNA","RNA isolated from core-needle biopsy stored in RNAlater at RT using RNeasy Mini Kit (Qiagen)according to the manufacturer's instructions.","biotin","Biotinylated cRNA were prepared according to the standard Affymetrix protocol from 1 microg total RNA RNA!Sample_hyb_protocol = Standard Affymetrix procedures","9606","GeneChips were scanned using the Affymetrix GeneChip Scanner 3000","Gene expression data from pre-cetuximab monotherapy treatment biopsies of advanced metastatic colorectal cancer patients","Data scaled to 1500 mean signal intensity value using GCOS 1.1.1.052","GPL571","Shirin,Khambata,Ford","shirin.ford@bms.com","Bristol-Myers Squibb Pharmaceutical Research Institute","311 Pennington-Rocky Hill Road, 3B-2.06","Pennington","NJ","08534","USA","ftp://ftp.ncbi.nlm.nih.gov/pub/geo/DATA/supplementary/samples/GSM136nnn/GSM136603/GSM136603.CEL.gz","22277"
"GSM136604","045_03_10","GSM136604","Public on Jan 31 2008","Sep 15 2006","Aug 28 2007","RNA","1","Pre-treatment metastatic biopsy of CRC","Homo sapiens","Tissue: Liver","total RNA","RNA isolated from core-needle biopsy stored in RNAlater at RT using RNeasy Mini Kit (Qiagen)according to the manufacturer's instructions.","biotin","Biotinylated cRNA were prepared according to the standard Affymetrix protocol from 1 microg total RNA RNA!Sample_hyb_protocol = Standard Affymetrix procedures","9606","GeneChips were scanned using the Affymetrix GeneChip Scanner 3000","Gene expression data from pre-cetuximab monotherapy treatment biopsies of advanced metastatic colorectal cancer patients","Data scaled to 1500 mean signal intensity value using GCOS 1.1.1.052","GPL571","Shirin,Khambata,Ford","shirin.ford@bms.com","Bristol-Myers Squibb Pharmaceutical Research Institute","311 Pennington-Rocky Hill Road, 3B-2.06","Pennington","NJ","08534","USA","ftp://ftp.ncbi.nlm.nih.gov/pub/geo/DATA/supplementary/samples/GSM136nnn/GSM136604/GSM136604.CEL.gz","22277"
"GSM136605","045_04_01","GSM136605","Public on Jan 31 2008","Sep 15 2006","Aug 28 2007","RNA","1","Pre-treatment metastatic biopsy of CRC","Homo sapiens","Tissue: Liver","total RNA","RNA isolated from core-needle biopsy stored in RNAlater at RT using RNeasy Mini Kit (Qiagen)according to the manufacturer's instructions.","biotin","Biotinylated cRNA were prepared according to the standard Affymetrix protocol from 1 microg total RNA RNA!Sample_hyb_protocol = Standard Affymetrix procedures","9606","GeneChips were scanned using the Affymetrix GeneChip Scanner 3000","Gene expression data from pre-cetuximab monotherapy treatment biopsies of advanced metastatic colorectal cancer patients","Data scaled to 1500 mean signal intensity value using GCOS 1.1.1.052","GPL571","Shirin,Khambata,Ford","shirin.ford@bms.com","Bristol-Myers Squibb Pharmaceutical Research Institute","311 Pennington-Rocky Hill Road, 3B-2.06","Pennington","NJ","08534","USA","ftp://ftp.ncbi.nlm.nih.gov/pub/geo/DATA/supplementary/samples/GSM136nnn/GSM136605/GSM136605.CEL.gz","22277"
"GSM136606","045_04_03","GSM136606","Public on Jan 31 2008","Sep 15 2006","Aug 28 2007","RNA","1","Pre-treatment metastatic biopsy of CRC","Homo sapiens","Tissue: Liver","total RNA","RNA isolated from core-needle biopsy stored in RNAlater at RT using RNeasy Mini Kit (Qiagen)according to the manufacturer's instructions.","biotin","Biotinylated cRNA were prepared according to the standard Affymetrix protocol from 1 microg total RNA RNA!Sample_hyb_protocol = Standard Affymetrix procedures","9606","GeneChips were scanned using the Affymetrix GeneChip Scanner 3000","Gene expression data from pre-cetuximab monotherapy treatment biopsies of advanced metastatic colorectal cancer patients","Data scaled to 1500 mean signal intensity value using GCOS 1.1.1.052","GPL571","Shirin,Khambata,Ford","shirin.ford@bms.com","Bristol-Myers Squibb Pharmaceutical Research Institute","311 Pennington-Rocky Hill Road, 3B-2.06","Pennington","NJ","08534","USA","ftp://ftp.ncbi.nlm.nih.gov/pub/geo/DATA/supplementary/samples/GSM136nnn/GSM136606/GSM136606.CEL.gz","22277"
"GSM136607","045_04_04","GSM136607","Public on Jan 31 2008","Sep 15 2006","Aug 28 2007","RNA","1","Pre-treatment metastatic biopsy of CRC","Homo sapiens","Tissue: Liver","total RNA","RNA isolated from core-needle biopsy stored in RNAlater at RT using RNeasy Mini Kit (Qiagen)according to the manufacturer's instructions.","biotin","Biotinylated cRNA were prepared according to the standard Affymetrix protocol from 1 microg total RNA RNA!Sample_hyb_protocol = Standard Affymetrix procedures","9606","GeneChips were scanned using the Affymetrix GeneChip Scanner 3000","Gene expression data from pre-cetuximab monotherapy treatment biopsies of advanced metastatic colorectal cancer patients","Data scaled to 1500 mean signal intensity value using GCOS 1.1.1.052","GPL571","Shirin,Khambata,Ford","shirin.ford@bms.com","Bristol-Myers Squibb Pharmaceutical Research Institute","311 Pennington-Rocky Hill Road, 3B-2.06","Pennington","NJ","08534","USA","ftp://ftp.ncbi.nlm.nih.gov/pub/geo/DATA/supplementary/samples/GSM136nnn/GSM136607/GSM136607.CEL.gz","22277"
"GSM136608","045_04_05","GSM136608","Public on Jan 31 2008","Sep 15 2006","Aug 28 2007","RNA","1","Pre-treatment metastatic biopsy of CRC","Homo sapiens","Tissue: Pancreas","total RNA","RNA isolated from core-needle biopsy stored in RNAlater at RT using RNeasy Mini Kit (Qiagen)according to the manufacturer's instructions.","biotin","Biotinylated cRNA were prepared according to the standard Affymetrix protocol from 1 microg total RNA RNA!Sample_hyb_protocol = Standard Affymetrix procedures","9606","GeneChips were scanned using the Affymetrix GeneChip Scanner 3000","Gene expression data from pre-cetuximab monotherapy treatment biopsies of advanced metastatic colorectal cancer patients","Data scaled to 1500 mean signal intensity value using GCOS 1.1.1.052","GPL571","Shirin,Khambata,Ford","shirin.ford@bms.com","Bristol-Myers Squibb Pharmaceutical Research Institute","311 Pennington-Rocky Hill Road, 3B-2.06","Pennington","NJ","08534","USA","ftp://ftp.ncbi.nlm.nih.gov/pub/geo/DATA/supplementary/samples/GSM136nnn/GSM136608/GSM136608.CEL.gz","22277"
"GSM136609","045_04_06","GSM136609","Public on Jan 31 2008","Sep 15 2006","Aug 28 2007","RNA","1","Pre-treatment metastatic biopsy of CRC","Homo sapiens","Tissue: Liver","total RNA","RNA isolated from core-needle biopsy stored in RNAlater at RT using RNeasy Mini Kit (Qiagen)according to the manufacturer's instructions.","biotin","Biotinylated cRNA were prepared according to the standard Affymetrix protocol from 1 microg total RNA RNA!Sample_hyb_protocol = Standard Affymetrix procedures","9606","GeneChips were scanned using the Affymetrix GeneChip Scanner 3000","Gene expression data from pre-cetuximab monotherapy treatment biopsies of advanced metastatic colorectal cancer patients","Data scaled to 1500 mean signal intensity value using GCOS 1.1.1.052","GPL571","Shirin,Khambata,Ford","shirin.ford@bms.com","Bristol-Myers Squibb Pharmaceutical Research Institute","311 Pennington-Rocky Hill Road, 3B-2.06","Pennington","NJ","08534","USA","ftp://ftp.ncbi.nlm.nih.gov/pub/geo/DATA/supplementary/samples/GSM136nnn/GSM136609/GSM136609.CEL.gz","22277"
"GSM136610","045_04_07","GSM136610","Public on Jan 31 2008","Sep 15 2006","Aug 28 2007","RNA","1","Pre-treatment metastatic biopsy of CRC","Homo sapiens","Tissue: Liver","total RNA","RNA isolated from core-needle biopsy stored in RNAlater at RT using RNeasy Mini Kit (Qiagen)according to the manufacturer's instructions.","biotin","Biotinylated cRNA were prepared according to the standard Affymetrix protocol from 1 microg total RNA RNA!Sample_hyb_protocol = Standard Affymetrix procedures","9606","GeneChips were scanned using the Affymetrix GeneChip Scanner 3000","Gene expression data from pre-cetuximab monotherapy treatment biopsies of advanced metastatic colorectal cancer patients","Data scaled to 1500 mean signal intensity value using GCOS 1.1.1.052","GPL571","Shirin,Khambata,Ford","shirin.ford@bms.com","Bristol-Myers Squibb Pharmaceutical Research Institute","311 Pennington-Rocky Hill Road, 3B-2.06","Pennington","NJ","08534","USA","ftp://ftp.ncbi.nlm.nih.gov/pub/geo/DATA/supplementary/samples/GSM136nnn/GSM136610/GSM136610.CEL.gz","22277"
"GSM136611","045_04_09","GSM136611","Public on Jan 31 2008","Sep 15 2006","Aug 28 2007","RNA","1","Pre-treatment metastatic biopsy of CRC","Homo sapiens","Tissue: Liver","total RNA","RNA isolated from core-needle biopsy stored in RNAlater at RT using RNeasy Mini Kit (Qiagen)according to the manufacturer's instructions.","biotin","Biotinylated cRNA were prepared according to the standard Affymetrix protocol from 1 microg total RNA RNA!Sample_hyb_protocol = Standard Affymetrix procedures","9606","GeneChips were scanned using the Affymetrix GeneChip Scanner 3000","Gene expression data from pre-cetuximab monotherapy treatment biopsies of advanced metastatic colorectal cancer patients","Data scaled to 1500 mean signal intensity value using GCOS 1.1.1.052","GPL571","Shirin,Khambata,Ford","shirin.ford@bms.com","Bristol-Myers Squibb Pharmaceutical Research Institute","311 Pennington-Rocky Hill Road, 3B-2.06","Pennington","NJ","08534","USA","ftp://ftp.ncbi.nlm.nih.gov/pub/geo/DATA/supplementary/samples/GSM136nnn/GSM136611/GSM136611.CEL.gz","22277"
"GSM136612","045_04_10","GSM136612","Public on Jan 31 2008","Sep 15 2006","Aug 28 2007","RNA","1","Pre-treatment metastatic biopsy of CRC","Homo sapiens","Tissue: Liver","total RNA","RNA isolated from core-needle biopsy stored in RNAlater at RT using RNeasy Mini Kit (Qiagen)according to the manufacturer's instructions.","biotin","Biotinylated cRNA were prepared according to the standard Affymetrix protocol from 1 microg total RNA RNA!Sample_hyb_protocol = Standard Affymetrix procedures","9606","GeneChips were scanned using the Affymetrix GeneChip Scanner 3000","Gene expression data from pre-cetuximab monotherapy treatment biopsies of advanced metastatic colorectal cancer patients","Data scaled to 1500 mean signal intensity value using GCOS 1.1.1.052","GPL571","Shirin,Khambata,Ford","shirin.ford@bms.com","Bristol-Myers Squibb Pharmaceutical Research Institute","311 Pennington-Rocky Hill Road, 3B-2.06","Pennington","NJ","08534","USA","ftp://ftp.ncbi.nlm.nih.gov/pub/geo/DATA/supplementary/samples/GSM136nnn/GSM136612/GSM136612.CEL.gz","22277"
"GSM136613","045_05_01","GSM136613","Public on Jan 31 2008","Sep 15 2006","Aug 28 2007","RNA","1","Pre-treatment metastatic biopsy of CRC","Homo sapiens","Tissue: Liver","total RNA","RNA isolated from core-needle biopsy stored in RNAlater at RT using RNeasy Mini Kit (Qiagen)according to the manufacturer's instructions.","biotin","Biotinylated cRNA were prepared according to the standard Affymetrix protocol from 1 microg total RNA RNA!Sample_hyb_protocol = Standard Affymetrix procedures","9606","GeneChips were scanned using the Affymetrix GeneChip Scanner 3000","Gene expression data from pre-cetuximab monotherapy treatment biopsies of advanced metastatic colorectal cancer patients","Data scaled to 1500 mean signal intensity value using GCOS 1.1.1.052","GPL571","Shirin,Khambata,Ford","shirin.ford@bms.com","Bristol-Myers Squibb Pharmaceutical Research Institute","311 Pennington-Rocky Hill Road, 3B-2.06","Pennington","NJ","08534","USA","ftp://ftp.ncbi.nlm.nih.gov/pub/geo/DATA/supplementary/samples/GSM136nnn/GSM136613/GSM136613.CEL.gz","22277"
"GSM136614","045_05_02","GSM136614","Public on Jan 31 2008","Sep 15 2006","Aug 28 2007","RNA","1","Pre-treatment metastatic biopsy of CRC","Homo sapiens","Tissue: Liver","total RNA","RNA isolated from core-needle biopsy stored in RNAlater at RT using RNeasy Mini Kit (Qiagen)according to the manufacturer's instructions.","biotin","Biotinylated cRNA were prepared according to the standard Affymetrix protocol from 1 microg total RNA RNA!Sample_hyb_protocol = Standard Affymetrix procedures","9606","GeneChips were scanned using the Affymetrix GeneChip Scanner 3000","Gene expression data from pre-cetuximab monotherapy treatment biopsies of advanced metastatic colorectal cancer patients","Data scaled to 1500 mean signal intensity value using GCOS 1.1.1.052","GPL571","Shirin,Khambata,Ford","shirin.ford@bms.com","Bristol-Myers Squibb Pharmaceutical Research Institute","311 Pennington-Rocky Hill Road, 3B-2.06","Pennington","NJ","08534","USA","ftp://ftp.ncbi.nlm.nih.gov/pub/geo/DATA/supplementary/samples/GSM136nnn/GSM136614/GSM136614.CEL.gz","22277"
"GSM136615","045_05_03","GSM136615","Public on Jan 31 2008","Sep 15 2006","Aug 28 2007","RNA","1","Pre-treatment metastatic biopsy of CRC","Homo sapiens","Tissue: Liver","total RNA","RNA isolated from core-needle biopsy stored in RNAlater at RT using RNeasy Mini Kit (Qiagen)according to the manufacturer's instructions.","biotin","Biotinylated cRNA were prepared according to the standard Affymetrix protocol from 1 microg total RNA RNA!Sample_hyb_protocol = Standard Affymetrix procedures","9606","GeneChips were scanned using the Affymetrix GeneChip Scanner 3000","Gene expression data from pre-cetuximab monotherapy treatment biopsies of advanced metastatic colorectal cancer patients","Data scaled to 1500 mean signal intensity value using GCOS 1.1.1.052","GPL571","Shirin,Khambata,Ford","shirin.ford@bms.com","Bristol-Myers Squibb Pharmaceutical Research Institute","311 Pennington-Rocky Hill Road, 3B-2.06","Pennington","NJ","08534","USA","ftp://ftp.ncbi.nlm.nih.gov/pub/geo/DATA/supplementary/samples/GSM136nnn/GSM136615/GSM136615.CEL.gz","22277"
"GSM136616","045_05_04","GSM136616","Public on Jan 31 2008","Sep 15 2006","Aug 28 2007","RNA","1","Pre-treatment metastatic biopsy of CRC","Homo sapiens","Tissue: Abdomen","total RNA","RNA isolated from core-needle biopsy stored in RNAlater at RT using RNeasy Mini Kit (Qiagen)according to the manufacturer's instructions.","biotin","Biotinylated cRNA were prepared according to the standard Affymetrix protocol from 1 microg total RNA RNA!Sample_hyb_protocol = Standard Affymetrix procedures","9606","GeneChips were scanned using the Affymetrix GeneChip Scanner 3000","Gene expression data from pre-cetuximab monotherapy treatment biopsies of advanced metastatic colorectal cancer patients","Data scaled to 1500 mean signal intensity value using GCOS 1.1.1.052","GPL571","Shirin,Khambata,Ford","shirin.ford@bms.com","Bristol-Myers Squibb Pharmaceutical Research Institute","311 Pennington-Rocky Hill Road, 3B-2.06","Pennington","NJ","08534","USA","ftp://ftp.ncbi.nlm.nih.gov/pub/geo/DATA/supplementary/samples/GSM136nnn/GSM136616/GSM136616.CEL.gz","22277"
"GSM136617","045_05_05","GSM136617","Public on Jan 31 2008","Sep 15 2006","Aug 28 2007","RNA","1","Pre-treatment metastatic biopsy of CRC","Homo sapiens","Tissue: Liver","total RNA","RNA isolated from core-needle biopsy stored in RNAlater at RT using RNeasy Mini Kit (Qiagen)according to the manufacturer's instructions.","biotin","Biotinylated cRNA were prepared according to the standard Affymetrix protocol from 1 microg total RNA RNA!Sample_hyb_protocol = Standard Affymetrix procedures","9606","GeneChips were scanned using the Affymetrix GeneChip Scanner 3000","Gene expression data from pre-cetuximab monotherapy treatment biopsies of advanced metastatic colorectal cancer patients","Data scaled to 1500 mean signal intensity value using GCOS 1.1.1.052","GPL571","Shirin,Khambata,Ford","shirin.ford@bms.com","Bristol-Myers Squibb Pharmaceutical Research Institute","311 Pennington-Rocky Hill Road, 3B-2.06","Pennington","NJ","08534","USA","ftp://ftp.ncbi.nlm.nih.gov/pub/geo/DATA/supplementary/samples/GSM136nnn/GSM136617/GSM136617.CEL.gz","22277"
"GSM136618","045_05_07","GSM136618","Public on Jan 31 2008","Sep 15 2006","Aug 28 2007","RNA","1","Pre-treatment metastatic biopsy of CRC","Homo sapiens","Tissue: Liver","total RNA","RNA isolated from core-needle biopsy stored in RNAlater at RT using RNeasy Mini Kit (Qiagen)according to the manufacturer's instructions.","biotin","Biotinylated cRNA were prepared according to the standard Affymetrix protocol from 1 microg total RNA RNA!Sample_hyb_protocol = Standard Affymetrix procedures","9606","GeneChips were scanned using the Affymetrix GeneChip Scanner 3000","Gene expression data from pre-cetuximab monotherapy treatment biopsies of advanced metastatic colorectal cancer patients","Data scaled to 1500 mean signal intensity value using GCOS 1.1.1.052","GPL571","Shirin,Khambata,Ford","shirin.ford@bms.com","Bristol-Myers Squibb Pharmaceutical Research Institute","311 Pennington-Rocky Hill Road, 3B-2.06","Pennington","NJ","08534","USA","ftp://ftp.ncbi.nlm.nih.gov/pub/geo/DATA/supplementary/samples/GSM136nnn/GSM136618/GSM136618.CEL.gz","22277"
"GSM136619","045_05_09","GSM136619","Public on Jan 31 2008","Sep 15 2006","Aug 28 2007","RNA","1","Pre-treatment metastatic biopsy of CRC","Homo sapiens","Tissue: Liver","total RNA","RNA isolated from core-needle biopsy stored in RNAlater at RT using RNeasy Mini Kit (Qiagen)according to the manufacturer's instructions.","biotin","Biotinylated cRNA were prepared according to the standard Affymetrix protocol from 1 microg total RNA RNA!Sample_hyb_protocol = Standard Affymetrix procedures","9606","GeneChips were scanned using the Affymetrix GeneChip Scanner 3000","Gene expression data from pre-cetuximab monotherapy treatment biopsies of advanced metastatic colorectal cancer patients","Data scaled to 1500 mean signal intensity value using GCOS 1.1.1.052","GPL571","Shirin,Khambata,Ford","shirin.ford@bms.com","Bristol-Myers Squibb Pharmaceutical Research Institute","311 Pennington-Rocky Hill Road, 3B-2.06","Pennington","NJ","08534","USA","ftp://ftp.ncbi.nlm.nih.gov/pub/geo/DATA/supplementary/samples/GSM136nnn/GSM136619/GSM136619.CEL.gz","22277"
"GSM136620","045_05_10","GSM136620","Public on Jan 31 2008","Sep 15 2006","Aug 28 2007","RNA","1","Pre-treatment metastatic biopsy of CRC","Homo sapiens","Tissue: Liver","total RNA","RNA isolated from core-needle biopsy stored in RNAlater at RT using RNeasy Mini Kit (Qiagen)according to the manufacturer's instructions.","biotin","Biotinylated cRNA were prepared according to the standard Affymetrix protocol from 1 microg total RNA RNA!Sample_hyb_protocol = Standard Affymetrix procedures","9606","GeneChips were scanned using the Affymetrix GeneChip Scanner 3000","Gene expression data from pre-cetuximab monotherapy treatment biopsies of advanced metastatic colorectal cancer patients","Data scaled to 1500 mean signal intensity value using GCOS 1.1.1.052","GPL571","Shirin,Khambata,Ford","shirin.ford@bms.com","Bristol-Myers Squibb Pharmaceutical Research Institute","311 Pennington-Rocky Hill Road, 3B-2.06","Pennington","NJ","08534","USA","ftp://ftp.ncbi.nlm.nih.gov/pub/geo/DATA/supplementary/samples/GSM136nnn/GSM136620/GSM136620.CEL.gz","22277"
"GSM136621","045_06_01","GSM136621","Public on Jan 31 2008","Sep 15 2006","Aug 28 2007","RNA","1","Pre-treatment metastatic biopsy of CRC","Homo sapiens","Tissue: Liver","total RNA","RNA isolated from core-needle biopsy stored in RNAlater at RT using RNeasy Mini Kit (Qiagen)according to the manufacturer's instructions.","biotin","Biotinylated cRNA were prepared according to the standard Affymetrix protocol from 1 microg total RNA RNA!Sample_hyb_protocol = Standard Affymetrix procedures","9606","GeneChips were scanned using the Affymetrix GeneChip Scanner 3000","Gene expression data from pre-cetuximab monotherapy treatment biopsies of advanced metastatic colorectal cancer patients","Data scaled to 1500 mean signal intensity value using GCOS 1.1.1.052","GPL571","Shirin,Khambata,Ford","shirin.ford@bms.com","Bristol-Myers Squibb Pharmaceutical Research Institute","311 Pennington-Rocky Hill Road, 3B-2.06","Pennington","NJ","08534","USA","ftp://ftp.ncbi.nlm.nih.gov/pub/geo/DATA/supplementary/samples/GSM136nnn/GSM136621/GSM136621.CEL.gz","22277"
"GSM136622","045_06_02","GSM136622","Public on Jan 31 2008","Sep 15 2006","Aug 28 2007","RNA","1","Pre-treatment metastatic biopsy of CRC","Homo sapiens","Tissue: Liver","total RNA","RNA isolated from core-needle biopsy stored in RNAlater at RT using RNeasy Mini Kit (Qiagen)according to the manufacturer's instructions.","biotin","Biotinylated cRNA were prepared according to the standard Affymetrix protocol from 1 microg total RNA RNA!Sample_hyb_protocol = Standard Affymetrix procedures","9606","GeneChips were scanned using the Affymetrix GeneChip Scanner 3000","Gene expression data from pre-cetuximab monotherapy treatment biopsies of advanced metastatic colorectal cancer patients","Data scaled to 1500 mean signal intensity value using GCOS 1.1.1.052","GPL571","Shirin,Khambata,Ford","shirin.ford@bms.com","Bristol-Myers Squibb Pharmaceutical Research Institute","311 Pennington-Rocky Hill Road, 3B-2.06","Pennington","NJ","08534","USA","ftp://ftp.ncbi.nlm.nih.gov/pub/geo/DATA/supplementary/samples/GSM136nnn/GSM136622/GSM136622.CEL.gz","22277"
"GSM136623","045_06_03","GSM136623","Public on Jan 31 2008","Sep 15 2006","Aug 28 2007","RNA","1","Pre-treatment metastatic biopsy of CRC","Homo sapiens","Tissue: Abdomen","total RNA","RNA isolated from core-needle biopsy stored in RNAlater at RT using RNeasy Mini Kit (Qiagen)according to the manufacturer's instructions.","biotin","Biotinylated cRNA were prepared according to the standard Affymetrix protocol from 1 microg total RNA RNA!Sample_hyb_protocol = Standard Affymetrix procedures","9606","GeneChips were scanned using the Affymetrix GeneChip Scanner 3000","Gene expression data from pre-cetuximab monotherapy treatment biopsies of advanced metastatic colorectal cancer patients","Data scaled to 1500 mean signal intensity value using GCOS 1.1.1.052","GPL571","Shirin,Khambata,Ford","shirin.ford@bms.com","Bristol-Myers Squibb Pharmaceutical Research Institute","311 Pennington-Rocky Hill Road, 3B-2.06","Pennington","NJ","08534","USA","ftp://ftp.ncbi.nlm.nih.gov/pub/geo/DATA/supplementary/samples/GSM136nnn/GSM136623/GSM136623.CEL.gz","22277"
"GSM136624","045_06_05","GSM136624","Public on Jan 31 2008","Sep 15 2006","Aug 28 2007","RNA","1","Pre-treatment metastatic biopsy of CRC","Homo sapiens","Tissue: Liver","total RNA","RNA isolated from core-needle biopsy stored in RNAlater at RT using RNeasy Mini Kit (Qiagen)according to the manufacturer's instructions.","biotin","Biotinylated cRNA were prepared according to the standard Affymetrix protocol from 1 microg total RNA RNA!Sample_hyb_protocol = Standard Affymetrix procedures","9606","GeneChips were scanned using the Affymetrix GeneChip Scanner 3000","Gene expression data from pre-cetuximab monotherapy treatment biopsies of advanced metastatic colorectal cancer patients","Data scaled to 1500 mean signal intensity value using GCOS 1.1.1.052","GPL571","Shirin,Khambata,Ford","shirin.ford@bms.com","Bristol-Myers Squibb Pharmaceutical Research Institute","311 Pennington-Rocky Hill Road, 3B-2.06","Pennington","NJ","08534","USA","ftp://ftp.ncbi.nlm.nih.gov/pub/geo/DATA/supplementary/samples/GSM136nnn/GSM136624/GSM136624.CEL.gz","22277"
"GSM136625","045_06_06","GSM136625","Public on Jan 31 2008","Sep 15 2006","Aug 28 2007","RNA","1","Pre-treatment metastatic biopsy of CRC","Homo sapiens","Tissue: Liver","total RNA","RNA isolated from core-needle biopsy stored in RNAlater at RT using RNeasy Mini Kit (Qiagen)according to the manufacturer's instructions.","biotin","Biotinylated cRNA were prepared according to the standard Affymetrix protocol from 1 microg total RNA RNA!Sample_hyb_protocol = Standard Affymetrix procedures","9606","GeneChips were scanned using the Affymetrix GeneChip Scanner 3000","Gene expression data from pre-cetuximab monotherapy treatment biopsies of advanced metastatic colorectal cancer patients","Data scaled to 1500 mean signal intensity value using GCOS 1.1.1.052","GPL571","Shirin,Khambata,Ford","shirin.ford@bms.com","Bristol-Myers Squibb Pharmaceutical Research Institute","311 Pennington-Rocky Hill Road, 3B-2.06","Pennington","NJ","08534","USA","ftp://ftp.ncbi.nlm.nih.gov/pub/geo/DATA/supplementary/samples/GSM136nnn/GSM136625/GSM136625.CEL.gz","22277"
"GSM136626","045_06_07","GSM136626","Public on Jan 31 2008","Sep 15 2006","Aug 28 2007","RNA","1","Pre-treatment metastatic biopsy of CRC","Homo sapiens","Tissue: Adrenal gland; Kidney","total RNA","RNA isolated from core-needle biopsy stored in RNAlater at RT using RNeasy Mini Kit (Qiagen)according to the manufacturer's instructions.","biotin","Biotinylated cRNA were prepared according to the standard Affymetrix protocol from 1 microg total RNA RNA!Sample_hyb_protocol = Standard Affymetrix procedures","9606","GeneChips were scanned using the Affymetrix GeneChip Scanner 3000","Gene expression data from pre-cetuximab monotherapy treatment biopsies of advanced metastatic colorectal cancer patients","Data scaled to 1500 mean signal intensity value using GCOS 1.1.1.052","GPL571","Shirin,Khambata,Ford","shirin.ford@bms.com","Bristol-Myers Squibb Pharmaceutical Research Institute","311 Pennington-Rocky Hill Road, 3B-2.06","Pennington","NJ","08534","USA","ftp://ftp.ncbi.nlm.nih.gov/pub/geo/DATA/supplementary/samples/GSM136nnn/GSM136626/GSM136626.CEL.gz","22277"
"GSM136627","045_06_08","GSM136627","Public on Jan 31 2008","Sep 15 2006","Aug 28 2007","RNA","1","Pre-treatment metastatic biopsy of CRC","Homo sapiens","Tissue: Liver","total RNA","RNA isolated from core-needle biopsy stored in RNAlater at RT using RNeasy Mini Kit (Qiagen)according to the manufacturer's instructions.","biotin","Biotinylated cRNA were prepared according to the standard Affymetrix protocol from 1 microg total RNA RNA!Sample_hyb_protocol = Standard Affymetrix procedures","9606","GeneChips were scanned using the Affymetrix GeneChip Scanner 3000","Gene expression data from pre-cetuximab monotherapy treatment biopsies of advanced metastatic colorectal cancer patients","Data scaled to 1500 mean signal intensity value using GCOS 1.1.1.052","GPL571","Shirin,Khambata,Ford","shirin.ford@bms.com","Bristol-Myers Squibb Pharmaceutical Research Institute","311 Pennington-Rocky Hill Road, 3B-2.06","Pennington","NJ","08534","USA","ftp://ftp.ncbi.nlm.nih.gov/pub/geo/DATA/supplementary/samples/GSM136nnn/GSM136627/GSM136627.CEL.gz","22277"
"GSM136628","045_06_10","GSM136628","Public on Jan 31 2008","Sep 15 2006","Aug 28 2007","RNA","1","Pre-treatment metastatic biopsy of CRC","Homo sapiens","Tissue: Rectal","total RNA","RNA isolated from core-needle biopsy stored in RNAlater at RT using RNeasy Mini Kit (Qiagen)according to the manufacturer's instructions.","biotin","Biotinylated cRNA were prepared according to the standard Affymetrix protocol from 1 microg total RNA RNA!Sample_hyb_protocol = Standard Affymetrix procedures","9606","GeneChips were scanned using the Affymetrix GeneChip Scanner 3000","Gene expression data from pre-cetuximab monotherapy treatment biopsies of advanced metastatic colorectal cancer patients","Data scaled to 1500 mean signal intensity value using GCOS 1.1.1.052","GPL571","Shirin,Khambata,Ford","shirin.ford@bms.com","Bristol-Myers Squibb Pharmaceutical Research Institute","311 Pennington-Rocky Hill Road, 3B-2.06","Pennington","NJ","08534","USA","ftp://ftp.ncbi.nlm.nih.gov/pub/geo/DATA/supplementary/samples/GSM136nnn/GSM136628/GSM136628.CEL.gz","22277"
"GSM136629","045_07_01","GSM136629","Public on Jan 31 2008","Sep 15 2006","Aug 28 2007","RNA","1","Pre-treatment metastatic biopsy of CRC","Homo sapiens","Tissue: Liver","total RNA","RNA isolated from core-needle biopsy stored in RNAlater at RT using RNeasy Mini Kit (Qiagen)according to the manufacturer's instructions.","biotin","Biotinylated cRNA were prepared according to the standard Affymetrix protocol from 1 microg total RNA RNA!Sample_hyb_protocol = Standard Affymetrix procedures","9606","GeneChips were scanned using the Affymetrix GeneChip Scanner 3000","Gene expression data from pre-cetuximab monotherapy treatment biopsies of advanced metastatic colorectal cancer patients","Data scaled to 1500 mean signal intensity value using GCOS 1.1.1.052","GPL571","Shirin,Khambata,Ford","shirin.ford@bms.com","Bristol-Myers Squibb Pharmaceutical Research Institute","311 Pennington-Rocky Hill Road, 3B-2.06","Pennington","NJ","08534","USA","ftp://ftp.ncbi.nlm.nih.gov/pub/geo/DATA/supplementary/samples/GSM136nnn/GSM136629/GSM136629.CEL.gz","22277"
"GSM136630","045_07_02","GSM136630","Public on Jan 31 2008","Sep 15 2006","Aug 28 2007","RNA","1","Pre-treatment metastatic biopsy of CRC","Homo sapiens","Tissue: Abdomen (soft tissue mass)","total RNA","RNA isolated from core-needle biopsy stored in RNAlater at RT using RNeasy Mini Kit (Qiagen)according to the manufacturer's instructions.","biotin","Biotinylated cRNA were prepared according to the standard Affymetrix protocol from 1 microg total RNA RNA!Sample_hyb_protocol = Standard Affymetrix procedures","9606","GeneChips were scanned using the Affymetrix GeneChip Scanner 3000","Gene expression data from pre-cetuximab monotherapy treatment biopsies of advanced metastatic colorectal cancer patients","Data scaled to 1500 mean signal intensity value using GCOS 1.1.1.052","GPL571","Shirin,Khambata,Ford","shirin.ford@bms.com","Bristol-Myers Squibb Pharmaceutical Research Institute","311 Pennington-Rocky Hill Road, 3B-2.06","Pennington","NJ","08534","USA","ftp://ftp.ncbi.nlm.nih.gov/pub/geo/DATA/supplementary/samples/GSM136nnn/GSM136630/GSM136630.CEL.gz","22277"
"GSM136631","045_07_03","GSM136631","Public on Jan 31 2008","Sep 15 2006","Aug 28 2007","RNA","1","Pre-treatment metastatic biopsy of CRC","Homo sapiens","Tissue: Liver","total RNA","RNA isolated from core-needle biopsy stored in RNAlater at RT using RNeasy Mini Kit (Qiagen)according to the manufacturer's instructions.","biotin","Biotinylated cRNA were prepared according to the standard Affymetrix protocol from 1 microg total RNA RNA!Sample_hyb_protocol = Standard Affymetrix procedures","9606","GeneChips were scanned using the Affymetrix GeneChip Scanner 3000","Gene expression data from pre-cetuximab monotherapy treatment biopsies of advanced metastatic colorectal cancer patients","Data scaled to 1500 mean signal intensity value using GCOS 1.1.1.052","GPL571","Shirin,Khambata,Ford","shirin.ford@bms.com","Bristol-Myers Squibb Pharmaceutical Research Institute","311 Pennington-Rocky Hill Road, 3B-2.06","Pennington","NJ","08534","USA","ftp://ftp.ncbi.nlm.nih.gov/pub/geo/DATA/supplementary/samples/GSM136nnn/GSM136631/GSM136631.CEL.gz","22277"
"GSM136632","045_07_04","GSM136632","Public on Jan 31 2008","Sep 15 2006","Aug 28 2007","RNA","1","Pre-treatment metastatic biopsy of CRC","Homo sapiens","Tissue: Liver","total RNA","RNA isolated from core-needle biopsy stored in RNAlater at RT using RNeasy Mini Kit (Qiagen)according to the manufacturer's instructions.","biotin","Biotinylated cRNA were prepared according to the standard Affymetrix protocol from 1 microg total RNA RNA!Sample_hyb_protocol = Standard Affymetrix procedures","9606","GeneChips were scanned using the Affymetrix GeneChip Scanner 3000","Gene expression data from pre-cetuximab monotherapy treatment biopsies of advanced metastatic colorectal cancer patients","Data scaled to 1500 mean signal intensity value using GCOS 1.1.1.052","GPL571","Shirin,Khambata,Ford","shirin.ford@bms.com","Bristol-Myers Squibb Pharmaceutical Research Institute","311 Pennington-Rocky Hill Road, 3B-2.06","Pennington","NJ","08534","USA","ftp://ftp.ncbi.nlm.nih.gov/pub/geo/DATA/supplementary/samples/GSM136nnn/GSM136632/GSM136632.CEL.gz","22277"
"GSM136633","045_07_06","GSM136633","Public on Jan 31 2008","Sep 15 2006","Aug 28 2007","RNA","1","Pre-treatment metastatic biopsy of CRC","Homo sapiens","Tissue: Cervical-Neck node","total RNA","RNA isolated from core-needle biopsy stored in RNAlater at RT using RNeasy Mini Kit (Qiagen)according to the manufacturer's instructions.","biotin","Biotinylated cRNA were prepared according to the standard Affymetrix protocol from 1 microg total RNA RNA!Sample_hyb_protocol = Standard Affymetrix procedures","9606","GeneChips were scanned using the Affymetrix GeneChip Scanner 3000","Gene expression data from pre-cetuximab monotherapy treatment biopsies of advanced metastatic colorectal cancer patients","Data scaled to 1500 mean signal intensity value using GCOS 1.1.1.052","GPL571","Shirin,Khambata,Ford","shirin.ford@bms.com","Bristol-Myers Squibb Pharmaceutical Research Institute","311 Pennington-Rocky Hill Road, 3B-2.06","Pennington","NJ","08534","USA","ftp://ftp.ncbi.nlm.nih.gov/pub/geo/DATA/supplementary/samples/GSM136nnn/GSM136633/GSM136633.CEL.gz","22277"
"GSM136634","045_07_08","GSM136634","Public on Jan 31 2008","Sep 15 2006","Aug 28 2007","RNA","1","Pre-treatment metastatic biopsy of CRC","Homo sapiens","Tissue: Liver","total RNA","RNA isolated from core-needle biopsy stored in RNAlater at RT using RNeasy Mini Kit (Qiagen)according to the manufacturer's instructions.","biotin","Biotinylated cRNA were prepared according to the standard Affymetrix protocol from 1 microg total RNA RNA!Sample_hyb_protocol = Standard Affymetrix procedures","9606","GeneChips were scanned using the Affymetrix GeneChip Scanner 3000","Gene expression data from pre-cetuximab monotherapy treatment biopsies of advanced metastatic colorectal cancer patients","Data scaled to 1500 mean signal intensity value using GCOS 1.1.1.052","GPL571","Shirin,Khambata,Ford","shirin.ford@bms.com","Bristol-Myers Squibb Pharmaceutical Research Institute","311 Pennington-Rocky Hill Road, 3B-2.06","Pennington","NJ","08534","USA","ftp://ftp.ncbi.nlm.nih.gov/pub/geo/DATA/supplementary/samples/GSM136nnn/GSM136634/GSM136634.CEL.gz","22277"
"GSM136635","045_07_10","GSM136635","Public on Jan 31 2008","Sep 15 2006","Aug 28 2007","RNA","1","Pre-treatment metastatic biopsy of CRC","Homo sapiens","Tissue: Liver","total RNA","RNA isolated from core-needle biopsy stored in RNAlater at RT using RNeasy Mini Kit (Qiagen)according to the manufacturer's instructions.","biotin","Biotinylated cRNA were prepared according to the standard Affymetrix protocol from 1 microg total RNA RNA!Sample_hyb_protocol = Standard Affymetrix procedures","9606","GeneChips were scanned using the Affymetrix GeneChip Scanner 3000","Gene expression data from pre-cetuximab monotherapy treatment biopsies of advanced metastatic colorectal cancer patients","Data scaled to 1500 mean signal intensity value using GCOS 1.1.1.052","GPL571","Shirin,Khambata,Ford","shirin.ford@bms.com","Bristol-Myers Squibb Pharmaceutical Research Institute","311 Pennington-Rocky Hill Road, 3B-2.06","Pennington","NJ","08534","USA","ftp://ftp.ncbi.nlm.nih.gov/pub/geo/DATA/supplementary/samples/GSM136nnn/GSM136635/GSM136635.CEL.gz","22277"
"GSM136636","045_08_01","GSM136636","Public on Jan 31 2008","Sep 15 2006","Aug 28 2007","RNA","1","Pre-treatment metastatic biopsy of CRC","Homo sapiens","Tissue: Liver","total RNA","RNA isolated from core-needle biopsy stored in RNAlater at RT using RNeasy Mini Kit (Qiagen)according to the manufacturer's instructions.","biotin","Biotinylated cRNA were prepared according to the standard Affymetrix protocol from 1 microg total RNA RNA!Sample_hyb_protocol = Standard Affymetrix procedures","9606","GeneChips were scanned using the Affymetrix GeneChip Scanner 3000","Gene expression data from pre-cetuximab monotherapy treatment biopsies of advanced metastatic colorectal cancer patients","Data scaled to 1500 mean signal intensity value using GCOS 1.1.1.052","GPL571","Shirin,Khambata,Ford","shirin.ford@bms.com","Bristol-Myers Squibb Pharmaceutical Research Institute","311 Pennington-Rocky Hill Road, 3B-2.06","Pennington","NJ","08534","USA","ftp://ftp.ncbi.nlm.nih.gov/pub/geo/DATA/supplementary/samples/GSM136nnn/GSM136636/GSM136636.CEL.gz","22277"
"GSM136637","045_08_02","GSM136637","Public on Jan 31 2008","Sep 15 2006","Aug 28 2007","RNA","1","Pre-treatment metastatic biopsy of CRC","Homo sapiens","Tissue: Abdomen","total RNA","RNA isolated from core-needle biopsy stored in RNAlater at RT using RNeasy Mini Kit (Qiagen)according to the manufacturer's instructions.","biotin","Biotinylated cRNA were prepared according to the standard Affymetrix protocol from 1 microg total RNA RNA!Sample_hyb_protocol = Standard Affymetrix procedures","9606","GeneChips were scanned using the Affymetrix GeneChip Scanner 3000","Gene expression data from pre-cetuximab monotherapy treatment biopsies of advanced metastatic colorectal cancer patients","Data scaled to 1500 mean signal intensity value using GCOS 1.1.1.052","GPL571","Shirin,Khambata,Ford","shirin.ford@bms.com","Bristol-Myers Squibb Pharmaceutical Research Institute","311 Pennington-Rocky Hill Road, 3B-2.06","Pennington","NJ","08534","USA","ftp://ftp.ncbi.nlm.nih.gov/pub/geo/DATA/supplementary/samples/GSM136nnn/GSM136637/GSM136637.CEL.gz","22277"
"GSM136638","045_08_03","GSM136638","Public on Jan 31 2008","Sep 15 2006","Aug 28 2007","RNA","1","Pre-treatment metastatic biopsy of CRC","Homo sapiens","Tissue: Liver","total RNA","RNA isolated from core-needle biopsy stored in RNAlater at RT using RNeasy Mini Kit (Qiagen)according to the manufacturer's instructions.","biotin","Biotinylated cRNA were prepared according to the standard Affymetrix protocol from 1 microg total RNA RNA!Sample_hyb_protocol = Standard Affymetrix procedures","9606","GeneChips were scanned using the Affymetrix GeneChip Scanner 3000","Gene expression data from pre-cetuximab monotherapy treatment biopsies of advanced metastatic colorectal cancer patients","Data scaled to 1500 mean signal intensity value using GCOS 1.1.1.052","GPL571","Shirin,Khambata,Ford","shirin.ford@bms.com","Bristol-Myers Squibb Pharmaceutical Research Institute","311 Pennington-Rocky Hill Road, 3B-2.06","Pennington","NJ","08534","USA","ftp://ftp.ncbi.nlm.nih.gov/pub/geo/DATA/supplementary/samples/GSM136nnn/GSM136638/GSM136638.CEL.gz","22277"
"GSM136639","045_08_04","GSM136639","Public on Jan 31 2008","Sep 15 2006","Aug 28 2007","RNA","1","Pre-treatment metastatic biopsy of CRC","Homo sapiens","Tissue: Scalp","total RNA","RNA isolated from core-needle biopsy stored in RNAlater at RT using RNeasy Mini Kit (Qiagen)according to the manufacturer's instructions.","biotin","Biotinylated cRNA were prepared according to the standard Affymetrix protocol from 1 microg total RNA RNA!Sample_hyb_protocol = Standard Affymetrix procedures","9606","GeneChips were scanned using the Affymetrix GeneChip Scanner 3000","Gene expression data from pre-cetuximab monotherapy treatment biopsies of advanced metastatic colorectal cancer patients","Data scaled to 1500 mean signal intensity value using GCOS 1.1.1.052","GPL571","Shirin,Khambata,Ford","shirin.ford@bms.com","Bristol-Myers Squibb Pharmaceutical Research Institute","311 Pennington-Rocky Hill Road, 3B-2.06","Pennington","NJ","08534","USA","ftp://ftp.ncbi.nlm.nih.gov/pub/geo/DATA/supplementary/samples/GSM136nnn/GSM136639/GSM136639.CEL.gz","22277"
"GSM136640","045_08_07","GSM136640","Public on Jan 31 2008","Sep 15 2006","Aug 28 2007","RNA","1","Pre-treatment metastatic biopsy of CRC","Homo sapiens","Tissue: Liver","total RNA","RNA isolated from core-needle biopsy stored in RNAlater at RT using RNeasy Mini Kit (Qiagen)according to the manufacturer's instructions.","biotin","Biotinylated cRNA were prepared according to the standard Affymetrix protocol from 1 microg total RNA RNA!Sample_hyb_protocol = Standard Affymetrix procedures","9606","GeneChips were scanned using the Affymetrix GeneChip Scanner 3000","Gene expression data from pre-cetuximab monotherapy treatment biopsies of advanced metastatic colorectal cancer patients","Data scaled to 1500 mean signal intensity value using GCOS 1.1.1.052","GPL571","Shirin,Khambata,Ford","shirin.ford@bms.com","Bristol-Myers Squibb Pharmaceutical Research Institute","311 Pennington-Rocky Hill Road, 3B-2.06","Pennington","NJ","08534","USA","ftp://ftp.ncbi.nlm.nih.gov/pub/geo/DATA/supplementary/samples/GSM136nnn/GSM136640/GSM136640.CEL.gz","22277"
"GSM136641","045_08_08","GSM136641","Public on Jan 31 2008","Sep 15 2006","Aug 28 2007","RNA","1","Pre-treatment metastatic biopsy of CRC","Homo sapiens","Tissue: Liver","total RNA","RNA isolated from core-needle biopsy stored in RNAlater at RT using RNeasy Mini Kit (Qiagen)according to the manufacturer's instructions.","biotin","Biotinylated cRNA were prepared according to the standard Affymetrix protocol from 1 microg total RNA RNA!Sample_hyb_protocol = Standard Affymetrix procedures","9606","GeneChips were scanned using the Affymetrix GeneChip Scanner 3000","Gene expression data from pre-cetuximab monotherapy treatment biopsies of advanced metastatic colorectal cancer patients","Data scaled to 1500 mean signal intensity value using GCOS 1.1.1.052","GPL571","Shirin,Khambata,Ford","shirin.ford@bms.com","Bristol-Myers Squibb Pharmaceutical Research Institute","311 Pennington-Rocky Hill Road, 3B-2.06","Pennington","NJ","08534","USA","ftp://ftp.ncbi.nlm.nih.gov/pub/geo/DATA/supplementary/samples/GSM136nnn/GSM136641/GSM136641.CEL.gz","22277"
"GSM136642","045_08_09","GSM136642","Public on Jan 31 2008","Sep 15 2006","Aug 28 2007","RNA","1","Pre-treatment metastatic biopsy of CRC","Homo sapiens","Tissue: Liver","total RNA","RNA isolated from core-needle biopsy stored in RNAlater at RT using RNeasy Mini Kit (Qiagen)according to the manufacturer's instructions.","biotin","Biotinylated cRNA were prepared according to the standard Affymetrix protocol from 1 microg total RNA RNA!Sample_hyb_protocol = Standard Affymetrix procedures","9606","GeneChips were scanned using the Affymetrix GeneChip Scanner 3000","Gene expression data from pre-cetuximab monotherapy treatment biopsies of advanced metastatic colorectal cancer patients","Data scaled to 1500 mean signal intensity value using GCOS 1.1.1.052","GPL571","Shirin,Khambata,Ford","shirin.ford@bms.com","Bristol-Myers Squibb Pharmaceutical Research Institute","311 Pennington-Rocky Hill Road, 3B-2.06","Pennington","NJ","08534","USA","ftp://ftp.ncbi.nlm.nih.gov/pub/geo/DATA/supplementary/samples/GSM136nnn/GSM136642/GSM136642.CEL.gz","22277"
"GSM136643","045_08_10","GSM136643","Public on Jan 31 2008","Sep 15 2006","Aug 28 2007","RNA","1","Pre-treatment metastatic biopsy of CRC","Homo sapiens","Tissue: Liver","total RNA","RNA isolated from core-needle biopsy stored in RNAlater at RT using RNeasy Mini Kit (Qiagen)according to the manufacturer's instructions.","biotin","Biotinylated cRNA were prepared according to the standard Affymetrix protocol from 1 microg total RNA RNA!Sample_hyb_protocol = Standard Affymetrix procedures","9606","GeneChips were scanned using the Affymetrix GeneChip Scanner 3000","Gene expression data from pre-cetuximab monotherapy treatment biopsies of advanced metastatic colorectal cancer patients","Data scaled to 1500 mean signal intensity value using GCOS 1.1.1.052","GPL571","Shirin,Khambata,Ford","shirin.ford@bms.com","Bristol-Myers Squibb Pharmaceutical Research Institute","311 Pennington-Rocky Hill Road, 3B-2.06","Pennington","NJ","08534","USA","ftp://ftp.ncbi.nlm.nih.gov/pub/geo/DATA/supplementary/samples/GSM136nnn/GSM136643/GSM136643.CEL.gz","22277"
"GSM136644","045_09_01","GSM136644","Public on Jan 31 2008","Sep 15 2006","Aug 28 2007","RNA","1","Pre-treatment metastatic biopsy of CRC","Homo sapiens","Tissue: Liver","total RNA","RNA isolated from core-needle biopsy stored in RNAlater at RT using RNeasy Mini Kit (Qiagen)according to the manufacturer's instructions.","biotin","Biotinylated cRNA were prepared according to the standard Affymetrix protocol from 1 microg total RNA RNA!Sample_hyb_protocol = Standard Affymetrix procedures","9606","GeneChips were scanned using the Affymetrix GeneChip Scanner 3000","Gene expression data from pre-cetuximab monotherapy treatment biopsies of advanced metastatic colorectal cancer patients","Data scaled to 1500 mean signal intensity value using GCOS 1.1.1.052","GPL571","Shirin,Khambata,Ford","shirin.ford@bms.com","Bristol-Myers Squibb Pharmaceutical Research Institute","311 Pennington-Rocky Hill Road, 3B-2.06","Pennington","NJ","08534","USA","ftp://ftp.ncbi.nlm.nih.gov/pub/geo/DATA/supplementary/samples/GSM136nnn/GSM136644/GSM136644.CEL.gz","22277"
"GSM136645","045_09_03","GSM136645","Public on Jan 31 2008","Sep 15 2006","Aug 28 2007","RNA","1","Pre-treatment metastatic biopsy of CRC","Homo sapiens","Tissue: Abdomen","total RNA","RNA isolated from core-needle biopsy stored in RNAlater at RT using RNeasy Mini Kit (Qiagen)according to the manufacturer's instructions.","biotin","Biotinylated cRNA were prepared according to the standard Affymetrix protocol from 1 microg total RNA RNA!Sample_hyb_protocol = Standard Affymetrix procedures","9606","GeneChips were scanned using the Affymetrix GeneChip Scanner 3000","Gene expression data from pre-cetuximab monotherapy treatment biopsies of advanced metastatic colorectal cancer patients","Data scaled to 1500 mean signal intensity value using GCOS 1.1.1.052","GPL571","Shirin,Khambata,Ford","shirin.ford@bms.com","Bristol-Myers Squibb Pharmaceutical Research Institute","311 Pennington-Rocky Hill Road, 3B-2.06","Pennington","NJ","08534","USA","ftp://ftp.ncbi.nlm.nih.gov/pub/geo/DATA/supplementary/samples/GSM136nnn/GSM136645/GSM136645.CEL.gz","22277"
"GSM136646","045_09_04","GSM136646","Public on Jan 31 2008","Sep 15 2006","Aug 28 2007","RNA","1","Pre-treatment metastatic biopsy of CRC","Homo sapiens","Tissue: Liver","total RNA","RNA isolated from core-needle biopsy stored in RNAlater at RT using RNeasy Mini Kit (Qiagen)according to the manufacturer's instructions.","biotin","Biotinylated cRNA were prepared according to the standard Affymetrix protocol from 1 microg total RNA RNA!Sample_hyb_protocol = Standard Affymetrix procedures","9606","GeneChips were scanned using the Affymetrix GeneChip Scanner 3000","Gene expression data from pre-cetuximab monotherapy treatment biopsies of advanced metastatic colorectal cancer patients","Data scaled to 1500 mean signal intensity value using GCOS 1.1.1.052","GPL571","Shirin,Khambata,Ford","shirin.ford@bms.com","Bristol-Myers Squibb Pharmaceutical Research Institute","311 Pennington-Rocky Hill Road, 3B-2.06","Pennington","NJ","08534","USA","ftp://ftp.ncbi.nlm.nih.gov/pub/geo/DATA/supplementary/samples/GSM136nnn/GSM136646/GSM136646.CEL.gz","22277"
"GSM136647","045_09_05","GSM136647","Public on Jan 31 2008","Sep 15 2006","Aug 28 2007","RNA","1","Pre-treatment metastatic biopsy of CRC","Homo sapiens","Tissue: Liver","total RNA","RNA isolated from core-needle biopsy stored in RNAlater at RT using RNeasy Mini Kit (Qiagen)according to the manufacturer's instructions.","biotin","Biotinylated cRNA were prepared according to the standard Affymetrix protocol from 1 microg total RNA RNA!Sample_hyb_protocol = Standard Affymetrix procedures","9606","GeneChips were scanned using the Affymetrix GeneChip Scanner 3000","Gene expression data from pre-cetuximab monotherapy treatment biopsies of advanced metastatic colorectal cancer patients","Data scaled to 1500 mean signal intensity value using GCOS 1.1.1.052","GPL571","Shirin,Khambata,Ford","shirin.ford@bms.com","Bristol-Myers Squibb Pharmaceutical Research Institute","311 Pennington-Rocky Hill Road, 3B-2.06","Pennington","NJ","08534","USA","ftp://ftp.ncbi.nlm.nih.gov/pub/geo/DATA/supplementary/samples/GSM136nnn/GSM136647/GSM136647.CEL.gz","22277"
"GSM136648","045_09_06","GSM136648","Public on Jan 31 2008","Sep 15 2006","Aug 28 2007","RNA","1","Pre-treatment metastatic biopsy of CRC","Homo sapiens","Tissue: Liver","total RNA","RNA isolated from core-needle biopsy stored in RNAlater at RT using RNeasy Mini Kit (Qiagen)according to the manufacturer's instructions.","biotin","Biotinylated cRNA were prepared according to the standard Affymetrix protocol from 1 microg total RNA RNA!Sample_hyb_protocol = Standard Affymetrix procedures","9606","GeneChips were scanned using the Affymetrix GeneChip Scanner 3000","Gene expression data from pre-cetuximab monotherapy treatment biopsies of advanced metastatic colorectal cancer patients","Data scaled to 1500 mean signal intensity value using GCOS 1.1.1.052","GPL571","Shirin,Khambata,Ford","shirin.ford@bms.com","Bristol-Myers Squibb Pharmaceutical Research Institute","311 Pennington-Rocky Hill Road, 3B-2.06","Pennington","NJ","08534","USA","ftp://ftp.ncbi.nlm.nih.gov/pub/geo/DATA/supplementary/samples/GSM136nnn/GSM136648/GSM136648.CEL.gz","22277"
"GSM136649","045_09_08","GSM136649","Public on Jan 31 2008","Sep 15 2006","Aug 28 2007","RNA","1","Pre-treatment metastatic biopsy of CRC","Homo sapiens","Tissue: Liver","total RNA","RNA isolated from core-needle biopsy stored in RNAlater at RT using RNeasy Mini Kit (Qiagen)according to the manufacturer's instructions.","biotin","Biotinylated cRNA were prepared according to the standard Affymetrix protocol from 1 microg total RNA RNA!Sample_hyb_protocol = Standard Affymetrix procedures","9606","GeneChips were scanned using the Affymetrix GeneChip Scanner 3000","Gene expression data from pre-cetuximab monotherapy treatment biopsies of advanced metastatic colorectal cancer patients","Data scaled to 1500 mean signal intensity value using GCOS 1.1.1.052","GPL571","Shirin,Khambata,Ford","shirin.ford@bms.com","Bristol-Myers Squibb Pharmaceutical Research Institute","311 Pennington-Rocky Hill Road, 3B-2.06","Pennington","NJ","08534","USA","ftp://ftp.ncbi.nlm.nih.gov/pub/geo/DATA/supplementary/samples/GSM136nnn/GSM136649/GSM136649.CEL.gz","22277"
"GSM136650","045_10_01","GSM136650","Public on Jan 31 2008","Sep 15 2006","Aug 28 2007","RNA","1","Pre-treatment metastatic biopsy of CRC","Homo sapiens","Tissue: Liver","total RNA","RNA isolated from core-needle biopsy stored in RNAlater at RT using RNeasy Mini Kit (Qiagen)according to the manufacturer's instructions.","biotin","Biotinylated cRNA were prepared according to the standard Affymetrix protocol from 1 microg total RNA RNA!Sample_hyb_protocol = Standard Affymetrix procedures","9606","GeneChips were scanned using the Affymetrix GeneChip Scanner 3000","Gene expression data from pre-cetuximab monotherapy treatment biopsies of advanced metastatic colorectal cancer patients","Data scaled to 1500 mean signal intensity value using GCOS 1.1.1.052","GPL571","Shirin,Khambata,Ford","shirin.ford@bms.com","Bristol-Myers Squibb Pharmaceutical Research Institute","311 Pennington-Rocky Hill Road, 3B-2.06","Pennington","NJ","08534","USA","ftp://ftp.ncbi.nlm.nih.gov/pub/geo/DATA/supplementary/samples/GSM136nnn/GSM136650/GSM136650.CEL.gz","22277"
"GSM136651","045_10_02","GSM136651","Public on Jan 31 2008","Sep 15 2006","Aug 28 2007","RNA","1","Pre-treatment metastatic biopsy of CRC","Homo sapiens","Tissue: Liver","total RNA","RNA isolated from core-needle biopsy stored in RNAlater at RT using RNeasy Mini Kit (Qiagen)according to the manufacturer's instructions.","biotin","Biotinylated cRNA were prepared according to the standard Affymetrix protocol from 1 microg total RNA RNA!Sample_hyb_protocol = Standard Affymetrix procedures","9606","GeneChips were scanned using the Affymetrix GeneChip Scanner 3000","Gene expression data from pre-cetuximab monotherapy treatment biopsies of advanced metastatic colorectal cancer patients","Data scaled to 1500 mean signal intensity value using GCOS 1.1.1.052","GPL571","Shirin,Khambata,Ford","shirin.ford@bms.com","Bristol-Myers Squibb Pharmaceutical Research Institute","311 Pennington-Rocky Hill Road, 3B-2.06","Pennington","NJ","08534","USA","ftp://ftp.ncbi.nlm.nih.gov/pub/geo/DATA/supplementary/samples/GSM136nnn/GSM136651/GSM136651.CEL.gz","22277"
"GSM136652","045_10_03","GSM136652","Public on Jan 31 2008","Sep 15 2006","Aug 28 2007","RNA","1","Pre-treatment metastatic biopsy of CRC","Homo sapiens","Tissue: Abdomen (possibly rectal)","total RNA","RNA isolated from core-needle biopsy stored in RNAlater at RT using RNeasy Mini Kit (Qiagen)according to the manufacturer's instructions.","biotin","Biotinylated cRNA were prepared according to the standard Affymetrix protocol from 1 microg total RNA RNA!Sample_hyb_protocol = Standard Affymetrix procedures","9606","GeneChips were scanned using the Affymetrix GeneChip Scanner 3000","Gene expression data from pre-cetuximab monotherapy treatment biopsies of advanced metastatic colorectal cancer patients","Data scaled to 1500 mean signal intensity value using GCOS 1.1.1.052","GPL571","Shirin,Khambata,Ford","shirin.ford@bms.com","Bristol-Myers Squibb Pharmaceutical Research Institute","311 Pennington-Rocky Hill Road, 3B-2.06","Pennington","NJ","08534","USA","ftp://ftp.ncbi.nlm.nih.gov/pub/geo/DATA/supplementary/samples/GSM136nnn/GSM136652/GSM136652.CEL.gz","22277"
"GSM136653","045_10_04","GSM136653","Public on Jan 31 2008","Sep 15 2006","Aug 28 2007","RNA","1","Pre-treatment metastatic biopsy of CRC","Homo sapiens","Tissue: Liver","total RNA","RNA isolated from core-needle biopsy stored in RNAlater at RT using RNeasy Mini Kit (Qiagen)according to the manufacturer's instructions.","biotin","Biotinylated cRNA were prepared according to the standard Affymetrix protocol from 1 microg total RNA RNA!Sample_hyb_protocol = Standard Affymetrix procedures","9606","GeneChips were scanned using the Affymetrix GeneChip Scanner 3000","Gene expression data from pre-cetuximab monotherapy treatment biopsies of advanced metastatic colorectal cancer patients","Data scaled to 1500 mean signal intensity value using GCOS 1.1.1.052","GPL571","Shirin,Khambata,Ford","shirin.ford@bms.com","Bristol-Myers Squibb Pharmaceutical Research Institute","311 Pennington-Rocky Hill Road, 3B-2.06","Pennington","NJ","08534","USA","ftp://ftp.ncbi.nlm.nih.gov/pub/geo/DATA/supplementary/samples/GSM136nnn/GSM136653/GSM136653.CEL.gz","22277"
"GSM136654","045_10_05","GSM136654","Public on Jan 31 2008","Sep 15 2006","Aug 28 2007","RNA","1","Pre-treatment metastatic biopsy of CRC","Homo sapiens","Tissue: Liver","total RNA","RNA isolated from core-needle biopsy stored in RNAlater at RT using RNeasy Mini Kit (Qiagen)according to the manufacturer's instructions.","biotin","Biotinylated cRNA were prepared according to the standard Affymetrix protocol from 1 microg total RNA RNA!Sample_hyb_protocol = Standard Affymetrix procedures","9606","GeneChips were scanned using the Affymetrix GeneChip Scanner 3000","Gene expression data from pre-cetuximab monotherapy treatment biopsies of advanced metastatic colorectal cancer patients","Data scaled to 1500 mean signal intensity value using GCOS 1.1.1.052","GPL571","Shirin,Khambata,Ford","shirin.ford@bms.com","Bristol-Myers Squibb Pharmaceutical Research Institute","311 Pennington-Rocky Hill Road, 3B-2.06","Pennington","NJ","08534","USA","ftp://ftp.ncbi.nlm.nih.gov/pub/geo/DATA/supplementary/samples/GSM136nnn/GSM136654/GSM136654.CEL.gz","22277"
"GSM136655","045_10_06","GSM136655","Public on Jan 31 2008","Sep 15 2006","Aug 28 2007","RNA","1","Pre-treatment metastatic biopsy of CRC","Homo sapiens","Tissue: Liver","total RNA","RNA isolated from core-needle biopsy stored in RNAlater at RT using RNeasy Mini Kit (Qiagen)according to the manufacturer's instructions.","biotin","Biotinylated cRNA were prepared according to the standard Affymetrix protocol from 1 microg total RNA RNA!Sample_hyb_protocol = Standard Affymetrix procedures","9606","GeneChips were scanned using the Affymetrix GeneChip Scanner 3000","Gene expression data from pre-cetuximab monotherapy treatment biopsies of advanced metastatic colorectal cancer patients","Data scaled to 1500 mean signal intensity value using GCOS 1.1.1.052","GPL571","Shirin,Khambata,Ford","shirin.ford@bms.com","Bristol-Myers Squibb Pharmaceutical Research Institute","311 Pennington-Rocky Hill Road, 3B-2.06","Pennington","NJ","08534","USA","ftp://ftp.ncbi.nlm.nih.gov/pub/geo/DATA/supplementary/samples/GSM136nnn/GSM136655/GSM136655.CEL.gz","22277"
"GSM136656","045_10_09","GSM136656","Public on Jan 31 2008","Sep 15 2006","Aug 28 2007","RNA","1","Pre-treatment metastatic biopsy of CRC","Homo sapiens","Tissue: Liver","total RNA","RNA isolated from core-needle biopsy stored in RNAlater at RT using RNeasy Mini Kit (Qiagen)according to the manufacturer's instructions.","biotin","Biotinylated cRNA were prepared according to the standard Affymetrix protocol from 1 microg total RNA RNA!Sample_hyb_protocol = Standard Affymetrix procedures","9606","GeneChips were scanned using the Affymetrix GeneChip Scanner 3000","Gene expression data from pre-cetuximab monotherapy treatment biopsies of advanced metastatic colorectal cancer patients","Data scaled to 1500 mean signal intensity value using GCOS 1.1.1.052","GPL571","Shirin,Khambata,Ford","shirin.ford@bms.com","Bristol-Myers Squibb Pharmaceutical Research Institute","311 Pennington-Rocky Hill Road, 3B-2.06","Pennington","NJ","08534","USA","ftp://ftp.ncbi.nlm.nih.gov/pub/geo/DATA/supplementary/samples/GSM136nnn/GSM136656/GSM136656.CEL.gz","22277"
"GSM136657","045_10_10","GSM136657","Public on Jan 31 2008","Sep 15 2006","Aug 28 2007","RNA","1","Pre-treatment metastatic biopsy of CRC","Homo sapiens","Tissue: Rib","total RNA","RNA isolated from core-needle biopsy stored in RNAlater at RT using RNeasy Mini Kit (Qiagen)according to the manufacturer's instructions.","biotin","Biotinylated cRNA were prepared according to the standard Affymetrix protocol from 1 microg total RNA RNA!Sample_hyb_protocol = Standard Affymetrix procedures","9606","GeneChips were scanned using the Affymetrix GeneChip Scanner 3000","Gene expression data from pre-cetuximab monotherapy treatment biopsies of advanced metastatic colorectal cancer patients","Data scaled to 1500 mean signal intensity value using GCOS 1.1.1.052","GPL571","Shirin,Khambata,Ford","shirin.ford@bms.com","Bristol-Myers Squibb Pharmaceutical Research Institute","311 Pennington-Rocky Hill Road, 3B-2.06","Pennington","NJ","08534","USA","ftp://ftp.ncbi.nlm.nih.gov/pub/geo/DATA/supplementary/samples/GSM136nnn/GSM136657/GSM136657.CEL.gz","22277"
