probeset,hgnc
67054_at,SULT1C2
67065_at,OCM2
67076_at,ANKH
67083_at,ID3
67092_at,PPFIA1
67109_at,TEDDM1
67114_at,NRG4
67122_at,LINC00539
67124_at,CEP57
67126_at,LRRC27
67131_at,ZNF44
67136_at,PRR16
67138_at,THADA
67145_at,VIL1
67147_at,DSN1
67149_at,EHMT1
67153_at,ZNF385D-AS1
67162_r_at,LUZP1
67174_r_at,RELN
67180_at,KATNAL1
67182_at,GFOD2
67192_at,PHF19
67196_at,CSNK1G1
67198_at,UFSP1///ACHE
67201_at,NRCAM
67203_at,SCLY
67217_at,MAN2A2
67219_at,TAOK3
67230_at,PRMT2
67245_at,IFT43
67250_at,ANKRD26
67262_at,SEC23IP
67269_at,SLC5A10
67270_at,NCOR2
67292_at,PDE4DIP
67302_at,ZBTB3
67304_at,TMEM178B
67314_at,PPP5D1
67326_r_at,RBM41
67331_at,FAM92A1P1///FAM92A1
67342_at,LRRC33
67354_at,GRXCR1
67380_at,TMPRSS2
67386_r_at,CENPK
67401_at,DDX60L
67407_at,PPCS
67419_at,PLEKHH1
67421_at,PSMD2
67424_at,SMARCC1
67426_at,NKAP
67427_at,AKAP9
67441_at,HIF1AN
67447_at,STIM1
67448_at,PCDHB19P
67455_at,ETV2
67488_at,MKL2
67499_at,CNOT7
67512_at,ENOX1-AS2
67517_at,GRIK4
67521_at,ZNF131
67530_at,PIGG
67535_at,CDH6
67547_at,BCL2L14
67551_at,C8orf47
67565_r_at,GUSBP1///LINC00680
67577_at,TECPR1
67579_at,HPS3
67584_at,SLC16A8
67592_f_at,HNRNPA1P10///HNRNPA1L2///HNRNPA1
67594_at,SLC35E2B///SLC35E2
67595_r_at,NOVA1
67607_at,GDF7
67616_at,SLC2A11
67620_at,ARAP2
67622_at,TET2-AS1
67635_r_at,SLC5A1
67646_f_at,EXOSC8
67661_r_at,GIGYF2
67664_at,B3GNTL1
67672_r_at,KLHL6
67681_at,KCNJ11
67682_at,QRFPR
67684_at,CYBASC3
67687_at,HMGB1
67694_f_at,PSMD7
67710_at,SSR3
67717_at,USP15
67728_r_at,DNASE1
67730_at,PRR26
67732_at,PRR26
67743_at,CALM1
67754_at,FAM216B
67759_r_at,TIA1
67776_r_at,C12orf55
67778_at,EMX2OS
67812_at,TBX22
67835_at,MALAT1
67842_at,CREB5
67849_at,ZFYVE20
67867_at,LINC00029
67920_g_at,RBM6
67932_at,AMBRA1
67957_at,COL16A1
67967_at,RNF145
67983_g_at,DHX9
67986_at,DST
67988_at,CEP41
68001_at,MAP7D3
68012_at,ZNF182
68021_at,DNASE1L3
68043_at,PXK
68046_at,ATG12
68056_at,E4F1
68058_at,IL20RA
68064_at,ERICH2
68081_at,KCP
68087_at,ZC3H6
68092_at,WDR11
68103_at,COBL
68105_s_at,MAMLD1
68122_at,PFKP
68151_at,LINC00348
68165_at,TTC17
68258_at,SDK1
68293_at,TPM4
68301_at,ELL2
68315_at,PGAM1
68339_at,TGFBI
68343_at,LINC00645
68350_s_at,BCRP1///BCRP3///BCRP4///BCR
68357_at,UTS2R
68362_at,LIPH
68373_r_at,METTL14
68383_at,SPDYE4
68385_at,CLYBL
68387_r_at,ATP6V0A2
68399_r_at,SLFN12
68420_i_at,HLA-DOB
68422_r_at,HLA-DOB
68436_at,NFAT5
68453_at,IFLTD1
68457_at,FCRL2
68460_at,METTL15P1///METTL15
68465_at,HAND2
68466_at,TTC26
68469_at,LAP3
68471_at,NR2F2-AS1
68472_at,RFX3
68474_at,NOC2L
68478_at,HIC1
68488_at,AKNAD1
68490_at,C21orf62
68509_at,PCTP
68526_at,LINC00651
68536_at,ZNF770
68540_at,RBPMS
68548_at,CD36
68551_at,KRT7
68558_at,LINC00690
68569_at,LIPG
68578_g_at,KIAA0196
68594_at,USP34
68600_at,CBL
68608_at,ANAPC1
68610_at,MTMR8
68612_r_at,LDHAL6A
68616_at,NRIP2
68628_at,FCRL6
68633_s_at,POLDIP3
68635_at,SLC5A2
68639_at,HAP1
68641_at,IQGAP2
68649_at,PCGF5
68668_at,ZNF582
68675_at,EIF4E3
68678_r_at,ZFP30
68680_at,OTX1
68700_r_at,EPN3///SPATA20
68706_at,TTC28-AS1
68720_at,TEPP
68729_at,UBE2W
68733_at,XPO4
68736_at,NXPE3
68737_at,SLCO5A1
68739_at,ALS2CR8
68741_at,RANBP3L
68746_at,TOP3B
68756_at,IKZF2
68758_at,CCNL1
68760_at,ERN2
68762_r_at,MRPS14
68778_at,P2RY6
68781_at,CAND1
68784_at,ABCC11
68790_at,NDUFB2
68793_at,SLC6A14
68800_at,CD8B
68809_at,NUCKS1
68811_at,TMEM233
68816_at,CARD6
68826_at,ZMYND8
68834_at,MICAL3
68835_at,SLC6A7
68838_r_at,HAS2-AS1
68850_at,LCN6
68852_at,LCN6
68862_at,TRMT10B
68865_r_at,ADAM10
68869_at,OGG1
68873_at,PHF20L1
68878_at,ARRDC4
68880_at,PARD3B
68886_r_at,KDM4B
68896_at,DACT3-AS1
68901_at,LMLN
68902_at,FAM153A///FAM153C///FAM153B
68917_at,CAPN8
68937_at,IFI44L
68943_at,IGKJ5///IGKJ4
68947_at,SHROOM1
68953_at,SUPT5H
68955_at,ANKRD18A
68959_at,NARG2
68969_at,ERICH1
68971_r_at,TUBE1
68981_at,WDR7
68987_at,PLB1
68988_at,CMTM4
69013_at,CAPS2
69030_f_at,ZNF675
69038_at,ELAVL4
69042_at,KDM4C
69047_at,THOC5
69053_at,ARNTL2
69072_at,PLK1S1
69074_g_at,PLK1S1
69076_at,PLK1S1
69080_at,DNPEP
69085_s_at,SEC24D
69092_at,MAPK10
69107_at,ENPEP
69115_at,FAM110D
69117_at,ZDHHC20P1
69120_at,GRAMD1C
69127_at,RPN2
69129_at,HTRA4
69139_at,DCUN1D2-AS2
69149_at,TMPRSS11E
69152_at,BTBD11
69156_at,ATG2A
69162_at,MXD1
69166_at,KCNMB2-IT1
69169_at,ARHGEF7
69172_at,ZNF706
69181_at,IKZF4
69192_at,NUS1
69201_at,DAPK3
69213_at,GRTP1-AS1
69214_at,CMC1
69231_at,KLHDC1
69285_at,PCM1
69303_at,ALCAM
69309_at,SCML4
69318_at,GTF2H5
69336_at,ARMC4
69338_at,SMG6
69343_at,ANKRD13C
69345_at,ARHGEF5
69394_at,TMEM30B
69396_at,FRS2
69399_g_at,FRS2
69401_at,FRS2
69432_at,DRAXIN
69436_at,SBSPON
69447_at,C1orf85
69448_i_at,SUN5
69450_r_at,SUN5
69458_f_at,ZNF506
69467_at,DCBLD1
69483_at,GPC6-AS1
69485_at,CDKL3
69488_g_at,CDKL3
69494_at,C2CD4A
69509_f_at,LNPEP
69511_r_at,LNPEP
69517_at,PEX16
69523_at,HTT
69524_at,NPEPL1
69526_at,PPL
69528_r_at,ZW10
69540_at,MKI67
69550_at,POF1B
69557_g_at,ERN1
69559_i_at,CD320
69562_r_at,CD320
69567_at,TSPAN3
69587_at,FIP1L1
69595_at,MED13
69599_at,RAB36
69601_g_at,RAB36
69616_at,ZNF821
69627_at,TPGS1
69657_at,TNIP1
69667_at,HDAC3
69680_at,CCR9
69683_at,NLRC5
69687_at,POLR3F
69709_r_at,BOD1L1
69717_at,RQCD1
69765_at,TMEM25
69766_at,B4GALT4-AS1
69770_at,MOB1B
69771_at,ATP8B4
69783_at,MACF1
69785_at,PAPOLB
69816_at,PRR7-AS1
69820_at,MAP3K8
69825_r_at,DCAF15
69832_at,MARK1
69836_at,EHMT2-AS1
69840_at,FARP1
69847_at,CHRNA7
69853_at,TMEM154
69863_at,EMC1
69874_at,CSNK1G1
69877_at,ADAM5
69878_at,DEAF1
69882_s_at,BTBD7
69884_at,FAM186A
69887_at,TRBV7-1
69893_at,IGJ
69899_at,KLHL4
69906_at,DCLK3
69923_at,CACNA1A
69934_at,ANKRD30BP2
69959_at,RD3L
69966_at,C2orf81
69970_at,BRMS1L
69985_at,REL
69987_at,NAALADL2
70004_at,HOXA-AS4
70018_at,VWA5B1
70023_at,STEAP4
70033_r_at,CCDC18
70047_at,TSPAN10
70049_at,TMEM232
70080_at,HOMEZ
70085_f_at,FXN
70097_at,IDO1
70099_g_at,IDO1
70102_at,IGHM
70115_at,CEP63
70138_at,TMTC1
70142_at,ERBB3
70154_at,ZNF391
70158_at,KXD1
70163_at,PPARGC1A
70165_at,TTN-AS1
70181_at,CACNA1C-IT2
70187_at,FMNL2
70204_at,CDYL2
70206_at,ZFAND1
70225_r_at,FOXM1
70227_at,PKHD1
70243_at,KDM2A
70257_i_at,NAGPA
70263_r_at,DAZAP2
70292_at,VPS35
70310_f_at,TCL6
70313_at,PFDN6
70316_at,SSH2
70320_at,FAM129C
70358_s_at,FUT10
70363_at,TMOD2
70372_at,TEX35
70375_at,TTC6
70378_at,WFDC10B
70382_at,POLK
70391_at,EFCAB4B
70395_at,ETV6
70399_at,CNTN4
70401_at,ZNF845
70407_at,PTPN4
70412_at,GXYLT1
70419_at,TIGIT
70421_r_at,ARMCX4
70429_at,SH2D6
70458_i_at,GBP4
70460_f_at,GBP4
70474_at,PTDSS2
70475_at,HS3ST1
70487_at,CYB5B
70490_at,CCRL1
70494_i_at,TMEM14B
70496_f_at,TMEM14B
70506_at,HS3ST5
70514_at,TTC34
70519_at,EPB41L5
70525_at,SBF2
70545_at,SEC31A
70547_at,ESF1
70549_at,RBM23
70558_at,LACC1
70559_at,ING5
70565_at,FAM172A
70570_at,KIAA1919
70576_r_at,ASRGL1
70620_i_at,NAA40
70621_f_at,NAA40
70633_at,PDK4
70656_at,MIPOL1
70660_at,APP
70664_at,RNF145
70666_at,IQCF1
70668_at,NYAP2
70669_at,ANKRD30BP3
70682_at,YME1L1
70685_at,MAP4
70697_at,C8orf31
70699_at,BPTF
70701_at,WDR88
70708_at,LARGE
70717_at,VAV2
70723_at,TERC
70726_at,ITPKB
70732_at,LINC00698
70738_at,TSGA10
70752_at,ASXL1
70753_g_at,ASXL1
70766_at,RBM4
70770_at,TRA2B
70775_at,STRN
70780_at,SFTA2
70783_at,DENND6A
70791_at,M1AP
70796_r_at,PPP2R3A
70809_at,TMEM239
70817_r_at,PSIP1
70825_at,ADAM28
70826_at,ZNFX1
70834_at,MOB3B
70843_at,FAM149B1///DNAJC9-AS1
70844_at,LCOR
70864_at,C2orf15///MRPL30
70882_at,TMEM156
70892_at,SCARNA16///LINC00338
70903_r_at,GALNT16
70916_at,TTC31
70918_at,CEP41
70927_at,TSPYL1
70936_at,CAPN8
70940_at,SPRTN
70942_at,POLR2H
70944_at,STAT3
70950_at,BEGAIN
70952_at,KIAA1841
70954_at,WDR92///PPP3R1
70956_f_at,CHPT1
70958_at,CACNG6
70960_at,ADAMTS9-AS1
70981_at,EIF4E2
70987_i_at,LCMT1
70989_r_at,LCMT1
70990_at,KL
70993_at,CLDND1///CPOX
71002_at,WDR72
71005_at,STARD13-IT1
71015_r_at,CNR2
71022_at,REPIN1
71029_s_at,ANK3
71040_at,PSMA6
71042_f_at,VPS29
71060_at,LINC00387
71067_at,CASD1
71091_at,DCDC2
71102_at,PCYT1B
71115_i_at,EMB
71117_f_at,EMB
71119_at,PLD1
71121_r_at,MED6
71123_at,DLC1
71125_at,MESDC2
71127_at,GLS2
71129_at,FBXL14
71134_at,LINC00313
71136_at,CNTD2
71138_at,GPR107
71142_at,WHAMMP3
71144_at,TNFRSF18
71149_at,LINC00644
71157_at,SH3RF2
71165_at,MYNN
71170_at,WDFY1
71174_r_at,RSAD2
71181_at,CNTNAP3///CNTNAP3B
71188_at,MRPL38
71192_r_at,PIAS2
71202_at,PYCR1///MYADML2
71204_at,CLDN23
71206_at,KCNA1
71211_at,TRMT1
71213_at,ZNF251
71225_at,C21orf62
71231_r_at,MKX
71238_at,NAT16
71249_at,MIRLET7DHG
71251_r_at,MGEA5
71270_at,XKR8///SMPDL3B
71272_at,HOMER1
71277_r_at,SOX7
71292_at,LIPH
71295_at,USP45
71297_at,YARS
71300_at,LINC00366
71301_at,FAM8A1
71308_at,SLC6A18
71324_at,SHPRH
71337_at,DCUN1D4
71343_at,PIBF1
71344_at,EIF2AK3
71347_at,NEBL-AS1
71350_at,WDR4
71356_at,ZNF223
71376_at,ZNF575
71381_at,FGF7
71382_at,CCDC37
71391_at,MFSD6L
71393_at,PRR7-AS1
71396_at,ZIC3
71401_at,ANKRD52
71403_s_at,CFDP1
71408_at,SOBP
71412_at,NHS
71414_at,FUNDC2
71429_at,BRD4
71432_at,ENPP1
71447_at,USP28
71448_at,HTR2A-AS1
71472_at,PTK2
71479_at,C11orf30
71484_i_at,ATAT1
71486_f_at,ATAT1
71487_at,STXBP5
71491_at,THAP7-AS1
71494_at,FAM135A
71498_at,TRIM73
71502_at,PDX1
71508_at,C7orf25
71522_r_at,EPT1
71533_at,SPINK6
71542_at,ASH1L-AS1
71551_at,DDX23
71574_at,AS3MT
71585_f_at,INSL6
71589_r_at,LRRC4
71591_at,TLR5
71593_at,INPP4B
71621_r_at,STX3
71625_at,PCSK7
71632_at,NOM1
71641_at,ADAMTSL1
71645_at,ERMAP
71651_at,PPP2R3B
71656_at,NPL
71658_at,GTF2H2B///GTF2H2C///GTF2H2
71664_at,RPTOR
71674_at,MIR3936
71680_at,MYO9A
71682_at,PAQR5
71684_at,RARS
71691_r_at,ZNF138
71702_at,RSPO2
71712_at,HIST2H2BB///HIST2H2BA///HIST2H2BF
71719_r_at,ZNF644
71729_at,C4orf36
71731_at,FAM118A
71735_at,LSG1
71766_at,ZSWIM8
71770_at,RORA
71779_at,DHODH
71781_at,ZNF549
71793_at,TTC17
71795_at,DENND1A
71797_r_at,INPP1
71799_at,PURB
71801_i_at,ANXA2
71803_f_at,ANXA2
71809_r_at,FAM46A
71811_r_at,GC
71813_at,CLEC4G
71824_at,ANK3
71832_r_at,ANKRA2
71834_at,ZNF33B
71845_at,FBXL22
71850_at,RPS19
71854_at,NME1
71876_at,C18orf54
71895_at,ATG13
71899_at,C21orf58
71909_s_at,SMIM9
71911_at,SMIM9
71919_at,POLN
71943_at,SLC16A2
71945_at,SLC16A2
71949_at,LSM5
71951_at,CHST6
71984_at,LUC7L2
71986_s_at,THSD4
71988_at,NDFIP1
71993_at,ARL5B
72013_at,ITGAL
72016_at,HECTD1
72024_at,CGB7///NTF4
72026_g_at,CGB7///NTF4
72028_r_at,NTF4
72035_at,H2AFY
72039_at,MED17
72049_at,SHARPIN
72051_at,SETX
72066_at,CASP8AP2
72111_r_at,PPP2CA
72137_at,TMEM163
72139_at,CLSPN
72185_r_at,ANKRD12
72191_at,FYTTD1
72195_at,HEPACAM
72202_f_at,FANCC
72216_at,GPAM
72229_i_at,A2M
72231_r_at,A2M
72238_at,UBN2
72246_at,B4GALNT4
72254_at,PDCD2
72256_at,SNX14
72261_s_at,ZNF655
72291_at,APEH
72292_at,TCERG1
72295_at,FOXN3
72298_at,DIP2A
72303_at,CNOT2
72306_r_at,ARID1A
72309_r_at,NAA20
72312_s_at,KCTD13
72333_at,KCNAB3
72348_f_at,DBF4
72355_at,BVES
72384_at,VTCN1
72412_at,EGLN1
72419_at,PDLIM7
72429_at,NASP
72433_at,COL20A1
72439_at,LUC7L
72441_at,PPP2R1B
72473_at,DAB2IP
72478_at,DRAM2
72487_at,TBX4
72497_at,L2HGDH
72506_at,SETD2
72510_at,NDST1
72517_at,SNTG1
72523_r_at,SREK1IP1
72530_at,CDCP1
72533_at,E2F7
72536_at,DACT3
72538_at,GRAMD1C
72552_at,ARHGAP21
72580_at,SLC5A10
72591_at,PTPRG
72597_at,COPE
72598_at,GINS2
72600_r_at,PTPLAD2
72602_at,ABCC4
72606_at,DUSP8P3///DUSP8P4///DUSP8P2///DUSP8P1
72612_r_at,ZNF141
72629_at,MUC3A
72632_at,CASZ1
72635_r_at,FAM65A
72643_i_at,ZNF551
72651_at,SETDB1
72653_at,TMEM17
72654_at,ZBED5
72666_at,ZNF397
72668_s_at,B3GNT4
72680_f_at,VPS4B
72682_r_at,VPS4B
72684_at,EEF1D
72688_at,RBAK
72692_r_at,SRRM1
72696_at,CNTN3
72713_at,RNF170
72721_at,SGPP2
72723_at,KLHL36
72726_at,TRMT44
72728_at,MIR1-2
72738_r_at,HOXB4
72745_at,GSKIP
72766_at,HNRNPU
72772_at,PIGX
72780_at,ZNF563
72785_at,PHF12
72788_at,NFATC2IP
72790_at,ILVBL
72794_at,CARD14
72798_at,LARP1B
72800_at,ARSA
72818_at,TMEM120B
72820_at,FAM53B
72831_at,KLF3
72841_at,EXOC4
72852_at,IL12RB1
72859_at,FADS2
72861_at,ERI2
72863_at,KIF26B
72868_at,SCARF2
72884_at,LEMD3
72885_at,ARMC8
72889_r_at,WHSC1L1
72897_at,AP1S1
72900_at,NBPF1
72908_at,C19orf80
72910_at,ADAM22
72924_at,ENO3
72926_at,ARMC9
72940_at,PJA2
72949_at,ZNF154
72953_at,NADSYN1
72957_r_at,EPC1
72965_f_at,RPL23A///RPL23AP2
72968_at,SYNE1
72970_g_at,SYNE1
72972_at,PLEKHA1
72976_at,LHX1
72978_at,FRG1B
72982_at,AP4M1
72986_at,MED21
72992_at,IL21R
72995_at,TCEA2
72998_at,MIR1245A
73001_r_at,ARHGEF10
73009_at,CEP112
73032_at,MAPK14
73049_at,ZNF512B
73055_at,WNT3
73060_at,SUSD2
73080_at,SOX21-AS1
73082_at,SMU1
73085_i_at,SPAG17
73091_at,CKB
73100_at,MACROD1
73112_at,EIF3M
73119_at,BHLHE41
73121_at,CDX2
73131_at,PODXL2
73133_at,CD177
73139_at,RNF207
73147_at,KLHL26
73155_at,SNX31
73171_at,FNIP2
73175_at,TNPO1
73177_at,CPSF2
73184_at,INTS6
73185_at,RRN3P3
73187_at,ARGFX
73189_at,PGD
73191_r_at,HIPK3
73195_at,CRBN
73212_at,ZNF790
73213_at,RTP4
73215_s_at,SDCCAG8
73222_at,ZNF687
73224_r_at,C10orf95
73227_r_at,GRIA2
73231_at,EFCAB12
73234_at,TTC28
73252_at,EPS8
73261_at,PAM
73265_i_at,MRPL41
73267_r_at,MRPL41
73279_at,GPR107
73284_at,NDUFA9
73294_at,CHRNB2
73315_at,METTL6
73322_at,PPP1R3E
73326_at,KIAA1551
73337_at,ZNF789
73349_at,PPAN///P2RY11
73354_i_at,FOXA2
73356_f_at,FOXA2
73361_at,CAPZA2
73367_at,BRSK2
73374_at,TTC33
73376_at,MYT1L
73382_at,SEPT2
73390_s_at,SERINC3
73392_at,HERC1
73396_at,CAPN10
73402_at,PAX9
73404_at,SESN1
73408_at,HERC1
73410_at,LCA5L
73414_at,NOP14-AS1
73424_r_at,KIF2B
73432_at,ISY1
73434_at,KIF19
73436_at,MAF
73442_at,ATAD3A
73450_at,GRIA2
73454_at,FBXO31
73459_at,CYGB
73461_at,SNX29
73477_at,BUB1B
73485_at,PRDX3
73490_r_at,KBTBD11
73511_at,EMG1///C1S
73521_at,KCNC4-AS1
73527_at,ATG16L2
73531_at,EIF2C1
73532_r_at,C1orf63
73548_at,RBM4B
73557_at,PGPEP1
73562_at,ITGB4
73572_at,FGFR2
73574_at,SPAG9
73575_at,CSMD2
73579_at,INO80B
73587_at,TLN1
73591_at,E2F2
73597_at,INTS3
73612_at,CPNE1///NFS1///RBM12
73641_at,ANKAR
73645_at,LINC00516
73651_f_at,C19orf53
73654_f_at,NFAT5
73659_at,KIAA1586
73661_s_at,C14orf39
73665_r_at,RPSAP58
73667_at,STAC3
73672_at,C9orf16
73685_r_at,TFPI
73687_at,PWWP2A
73690_at,C14orf39
73708_at,ZNF397
73711_at,AQP2
73723_at,PLEKHA8P1
73731_r_at,ANKRD12
73736_r_at,GAD2
73738_i_at,PDZD4
73740_r_at,PDZD4
73749_at,CABP7
73755_at,STARD13
73758_at,CCAR1
73760_at,KIAA1755
73768_r_at,PCBD2
73791_at,DNAJC21
73799_i_at,SHANK3
73802_r_at,SHANK3
73816_at,CHD2
73828_at,TEX19
73831_r_at,PLEKHA5
73838_r_at,RBMXL2
73842_at,ZDHHC12
73844_at,CELF6
73849_at,TMEM38A
73853_at,C11orf63
73859_at,SCXB///SCXA
73863_at,LY75
73865_r_at,C17orf97
73866_at,LETMD1
73869_at,CHST9
73888_r_at,HEMK1
73893_at,MMP28
73903_at,HOXC-AS2
73905_at,FBXW8
73915_at,CREM
73921_at,TMEM135
73928_at,ERICH1
73930_at,C6orf223
73938_at,SPARC
73943_at,TNRC6B
73949_at,ZNF449
73956_at,HIP1
73965_s_at,REV3L
73973_at,PRDM16
73974_at,TRIM43///TRIM43B///TRIM43CP
73976_i_at,SNED1
73978_r_at,SNED1
73980_at,CMTM6
73984_r_at,DYRK2
73997_at,ULK4P3///ULK4P2///ULK4P1
73999_at,ZNF815P
74001_at,AGMO
74003_at,GTDC1
74007_at,ZFYVE20
74022_at,SORBS2
74043_at,DEC1
74052_at,GMDS
74054_at,VPS53
74059_at,EXD2
74068_r_at,ZNF492
74079_at,WNK2
74096_at,TOP2A
74100_at,SH3YL1
74108_at,KAT6B
74113_at,NCKAP1L
74117_at,ZNF747
74133_r_at,HEXDC
74135_r_at,CYFIP2
74137_at,CC2D1B
74139_at,GIMAP8
74146_at,MCC
74153_r_at,SOBP
74154_at,ARHGAP24
74156_at,NUMB
74173_r_at,RAB32
74186_at,PTOV1-AS1
74188_at,NELL1
74190_g_at,NELL1
74192_at,NELL1
74203_at,KRIT1
74205_r_at,SPRN
74209_at,DNAH12
74214_at,ZNF471
74220_at,C19orf60
74224_at,GPR62
74231_at,UBE2DNL
74237_f_at,GTF2IP1///GTF2I
74251_at,ARRDC3
74267_at,SYNE2
74271_at,EPS15L1
74279_at,ATG16L2
74289_at,QKI
74296_at,PCNXL2
74304_at,C11orf86
74307_at,STXBP5
74311_at,ATP10D
74313_at,MAP7D3
74322_s_at,CACNA2D3
74337_at,C14orf166B
74339_at,GRB7
74345_g_at,DNAH17
74347_at,PGS1
74349_at,GOPC
74351_at,ABTB1
74353_r_at,ISLR2
74354_at,TMEM26
74357_at,GPC6
74367_at,SMARCE1
74385_s_at,SUPT5H
74401_at,ZNF26
74405_at,LINC00174
74409_at,CPVL
74418_r_at,RIN3
74437_at,CCDC172
74442_at,DNAJB6
74447_at,MXI1
74449_at,FZD4
74451_at,ZEB1
74454_at,ZFC3H1
74468_at,MTBP
74474_at,ERI2
74480_at,GDAP1L1
74484_at,XRCC3
74486_at,MICALL2
74492_at,WHSC1
74496_at,KIF19
74508_at,PINK1-AS
74513_at,PDS5A
74515_at,PDS5A
74517_at,TET1
74519_s_at,TNPO1
74522_at,GTF2H3
74524_at,TERF2
74528_s_at,IRF7
74530_s_at,LSM14B
74531_s_at,SFPQ
74534_at,TNP1
74535_at,LMNB2
74537_f_at,A2M
74538_at,GPATCH4
74539_g_at,GPATCH4
74541_at,LRP1
74543_s_at,CCDC88C
74544_at,SH3BP2
74546_s_at,ZFP57
74548_at,LONP1
74553_f_at,PDLIM7
74555_at,SNRPB2
74557_s_at,DHCR24
74562_f_at,RPS23P8///RPS23
74566_at,IGFBP4
74568_at,PRRT3
74571_s_at,CA3
74575_at,CPT1B///CHKB-CPT1B///CHKB
74577_s_at,PPP1CA
74579_s_at,API5
74582_s_at,CCNC
74587_g_at,GSTK1
74593_at,TTK
74597_at,NAA38
74600_g_at,NAA38
74602_s_at,FBXO40
74605_at,RNF13
74609_at,NOP10
74611_s_at,C4A///C4B
74612_s_at,BCRP5///BCR
74613_s_at,UQCRH
74620_s_at,C20orf112
74622_at,SNTA1
74626_at,UBE2Q1
74628_g_at,UBE2Q1
74630_r_at,COL28A1
74633_at,TNFAIP2
74635_at,CDK2
74637_at,TAPBP
74642_r_at,FKBP8
74646_at,MYO1E
74648_at,FMR1
74653_s_at,FYTTD1
74655_at,PRKRIP1
74659_at,HNRNPUL1
74661_at,ANP32A
74663_s_at,ITCH
74664_s_at,UBXN4
74666_s_at,OPLAH
74668_r_at,OPLAH
74671_at,LRCH4
74675_s_at,FYB
74677_at,HMGB2
74680_r_at,TRAFD1
74683_at,SNRPA1
74687_at,RRN3P1///RRN3P3///CDR2///RRN3P2///RRN3
74689_at,LAG3
74691_at,COX11
74694_s_at,RABEP2
74696_r_at,PDGFRB
74699_s_at,GOLGB1
74701_at,RHOC
74703_f_at,ATP5G3
74705_s_at,SNORD38A///RPS8
74707_at,CAPG
74710_s_at,EMP3
74712_at,TSPAN2
74714_at,F11R
74718_at,RPL22
74720_s_at,TXLNA
74726_at,GSS
74728_at,EPN2
74729_f_at,GPAA1
74730_at,HNRNPAB
74732_s_at,GK3P///GK
74736_f_at,RBMS1P1///RBMS1
74738_r_at,RBMS1P1///RBMS1
74741_at,PARVG
74743_f_at,CAPZA1
74748_s_at,SPTBN1
74754_s_at,MICAL3
74756_at,RNF167
74760_s_at,CAMTA1
74762_at,TMBIM6
74764_g_at,TMBIM6
74767_at,USH1C
74769_s_at,SORT1
74773_s_at,RAB6A
74775_s_at,FGG
74777_at,VPS37A
74779_s_at,FMO1
74783_r_at,ERF
74785_at,ARSG
74790_at,PLEKHH3
74792_at,MRPL21
74794_at,POLR1D
74796_at,RALBP1
74806_s_at,PKP4P1///PKP4
74808_s_at,PDIA6
74810_s_at,CAPRIN2
74813_at,SMAD4
74815_at,SPP1
74817_at,COIL
74819_at,HADHB
74821_s_at,PDIA3
74823_f_at,HARS
74827_s_at,JAG1
74831_r_at,BCL10
74833_at,ACY3
74835_r_at,LIG1
74837_r_at,MED24
74839_r_at,NDUFA5
74840_s_at,B2M
74846_f_at,LPCAT3
74848_s_at,CSGALNACT2
74850_at,PIGC
74852_at,DDX49
74856_s_at,RBFA
74858_s_at,BRD9
74860_at,MYADM
74862_at,UBA1
74866_at,PIAS2
74868_at,MFSD10
74870_at,CPT1A
74874_i_at,OAZ2
74876_r_at,OAZ2
74878_at,TCN2
74886_at,LETM2
74891_at,LMAN2
74893_g_at,LMAN2
74901_at,CD8A
74904_at,ABP1
74908_at,IFI35
74910_r_at,PAK4
74914_at,GLUL
74918_at,KCNK5
74922_at,NT5E
74924_at,MSI2
74928_s_at,SLC44A1
74930_at,DNAJB2
74932_at,UBE2B
74934_s_at,DIDO1
74938_at,SCAMP2
74941_s_at,RASGEF1A
74944_s_at,ZNF830
74948_at,NPIPL2
74954_at,DOK4
74956_at,SEMA3A
74958_at,SZRD1
74966_s_at,ITGAE
74967_at,STK11
74974_s_at,ARHGAP17
74983_at,TMEM33
74986_at,FOSL2
74987_f_at,SOLH
74989_at,BGN
74991_r_at,PFN1
75002_r_at,RPL36///HSD11B1L
75004_f_at,LLGL2
75012_at,PCYT2
75014_i_at,GRAMD1A
75017_r_at,GRAMD1A
75021_at,TPM3
75022_at,ALKBH2
75024_at,ADAR
75026_s_at,MTHFD2
75029_at,SNORD4B///SNORD42A///RPL23A///RPL23AP2
75036_at,RAB11FIP3
75038_g_at,RAB11FIP3
75040_at,GFAP
75043_at,VTI1B
75044_at,PIGT
75046_at,HAX1
75050_at,MEG3
75054_at,PPIL1
75056_at,DTNB
75058_f_at,TMED2
75059_at,BIN1
75068_at,NDUFA4
75070_at,CLEC4E
75081_r_at,UBE2L6
75085_at,ST14
75090_at,ATP6V0C///AMDHD2
75095_s_at,ACTRT2
75097_at,KPNB1
75102_at,TMEM50B
75103_at,SIGMAR1
75109_at,DDHD2
75116_at,UFC1
75120_at,NT5C
75122_at,SLC2A6
75124_s_at,IGFBP5
75126_s_at,MLC1
75129_at,MYO1F
75134_at,LONP2
75139_s_at,BCAP31
75148_at,IRS1
75163_at,PAFAH1B2///SIDT2
75179_at,UBE2D3
75181_f_at,KCNJ4
75183_at,STAT5A
75185_f_at,CFL1
75187_f_at,A2M
75192_at,CLIP1
75194_at,EAPP
75200_r_at,CA2
75209_r_at,CDK6
75211_s_at,AIM1
75214_f_at,COL1A2
75216_f_at,HIBCH
75218_at,SPIRE2
75220_s_at,FLNA
75224_s_at,MFAP2
75227_s_at,PRKCH
75231_at,KDELR1
75242_f_at,DGKZ///MDK
75243_s_at,KLF9
75246_s_at,SLC1A3
75248_at,SERPINA3
75250_s_at,HSPA9
75256_at,LSM1
75258_f_at,ETV5
75259_at,C2///CFB
75262_s_at,TEX261
75271_at,TEFM
75276_at,HIF1A
75277_f_at,LINC00849
75281_at,DUOXA2
75284_f_at,HLA-DRB1
75285_at,CACNA1H
75288_at,SFN
75297_r_at,TAF11
75305_f_at,RANGRF
75308_at,IVNS1ABP
75309_at,VIM
75315_at,C1orf43
75317_s_at,IFNGR2
75323_at,UNC5D
75327_at,ST7L
75328_at,CACUL1
75330_at,KLHL26
75335_at,STK25
75337_s_at,SARS2
75350_at,ACVR1B
75352_s_at,ACOT7
75361_r_at,LPAR6
75371_r_at,DTWD1
75376_at,PLD3
75378_s_at,C16orf13
75382_i_at,CLU
75384_f_at,CLU
75386_at,PCBP1-AS1
75392_at,LYZL1///LYZL2
75406_at,HNRPLL
75417_at,RFX3
75418_g_at,RFX3
75421_at,TROVE2
75423_at,IL1RL1
75435_at,FAM198B
75436_r_at,COX5BP6
75449_at,PLEKHA8
75452_at,SPINK13
75460_at,PRLR
75470_at,NCOR1
75487_at,DSG2
75492_at,MINOS1
75496_at,ARHGEF2
75510_at,IFNLR1
75512_r_at,GCC2
75514_at,TUBGCP3
75521_at,DCN
75525_at,GCC2
75527_at,LINC00323
75531_at,ZCCHC6
75539_at,GAN
75541_at,PTAR1
75545_at,FAM198A
75549_at,ENAH
75557_at,ATP11B
75575_at,NF1
75577_at,FAM168A
75581_at,ADD2
75585_at,SLC28A3
75615_at,ACMSD
75624_at,KCNQ1OT1
75627_at,BHMT2
75644_r_at,STK24
75650_at,GPR55
75675_at,MPP6
75677_at,GDF11
75700_at,CC2D1B
75702_at,ANKRD37
75710_at,TBC1D16
75716_at,TMEM57
75724_at,FAM228A
75726_at,TMEM225
75751_at,C5orf49
75757_at,ARMC3
75760_at,POM121L12
75779_at,LMLN
75782_at,DNAJC5G
75786_at,NUCB1-AS1
75801_at,ZNF600
75802_at,COL22A1
75824_at,NDUFA10
75828_r_at,MYO6
75839_at,TRDMT1
75841_at,FOXR1
75857_at,DUOXA1
75859_f_at,DIXDC1
75871_at,MDM2
75878_at,AKT2
75885_at,SLC39A11
75896_at,CHST13
75909_at,XPO4
75920_at,ZNF214
75928_at,FRMD1
75933_at,LRRC41
75939_at,STAU2
75941_at,PADI4
75947_at,OTUB2
75973_at,EFCAB2
75978_at,ZFYVE27
75989_at,C16orf70
75991_at,WDFY2
75996_at,RORB
75998_at,SLC2A13
76007_at,CLHC1
76013_at,SNORD114-9
76014_at,FAM210A
76015_at,ALS2CR8
76019_f_at,COQ9
76052_r_at,RNF111
76055_at,NAA15
76083_at,RAVER2
76085_at,SERPINA10
76088_at,ATAD2B
76090_at,C1QTNF6
76093_at,RSF1
76095_at,MAP2K6
76101_at,KCTD10
76109_at,FAM76B
76122_at,STAU2
76143_at,CIT
76157_at,CYTH2
76162_at,EPN2
76166_at,SPTA1
76170_at,PEX11G
76179_at,WNT2
76181_at,PSTK
76184_at,SOX6
76189_at,TCF24
76192_at,LINC00854
76197_at,EFHB
76198_at,ZNF415
76200_r_at,ITCH
76209_at,ATRX
76216_at,AGBL3
76235_at,SLC38A9
76238_at,MIR5188
76240_at,WDR76
76243_at,MTCP1
76246_at,VTI1A
76248_at,TMEM156
76253_at,ATAD2B
76255_g_at,ATAD2B
76260_at,PLEKHG1
76263_at,FAR1
76273_at,ZADH2
76274_at,KLC1
76276_at,KDM4D
76280_at,MMS22L
76287_at,LRRC4B
76299_at,SETDB2
76301_at,FAM66E
76310_at,PLEKHA2
76312_at,KIAA0922
76324_at,C16orf11
76327_at,FAM227A
76330_r_at,PIWIL1
76344_at,GOT1L1
76348_at,LINC00271
76353_at,PRR23A
76355_at,CPNE9
76357_at,CXorf66
76363_at,PCCA-AS1
76365_at,IQCF6
76366_at,CFL1
76368_at,CFL1
76376_at,LSAMP-AS1
76378_at,SPATA17
76384_at,WDR33
76387_at,NUP107
76401_at,NCDN
76406_at,ZCCHC14
76410_at,GIGYF2
76422_at,DOK7
76425_at,FHAD1
76427_i_at,C21orf49
76429_r_at,C21orf49
76431_at,BEST3
76433_at,LINC00266-3///LINC00266-1
76436_at,MRPS36
76438_at,AGTR2
76445_f_at,NPHS1
76454_at,ZNF425
76462_at,ANKMY1
76464_g_at,ANKMY1
76466_at,ANKMY1
76473_at,PTBP3
76475_at,TRMT1L
76480_at,IQCH
76484_at,LPCAT2
76486_g_at,LPCAT2
76496_at,IQGAP3
76501_at,BIN2
76503_at,ALAD
76506_at,CCDC86
76517_at,KREMEN1
76525_at,MAPK6
76529_at,MYO1E
76533_at,ZNF654
76537_at,WBP2NL
76542_at,PARD3
76544_at,SYCE2
76557_at,LNPEP
76558_at,MTO1
76562_at,CPM
76572_s_at,TMEM52
76576_at,TEKT1
76580_at,LPAR6
76582_g_at,LPAR6
76584_r_at,LPAR6
76587_at,CSMD1
76589_at,MKNK1-AS1
76591_at,ATXN7L1
76597_at,EIF4ENIF1
76599_at,ACTL7A
76601_at,MAGEC2
76605_at,FCRL2
76615_at,C12orf77
76621_at,EPHA1
76624_at,PSG8///PSG11///PSG4
76636_at,SUCLA2
76638_at,MANEA
76640_at,PRKAR1B
76664_at,JMY
76666_s_at,TTLL13
76668_r_at,TTLL13
76671_at,TTLL13
76675_f_at,FBXW4P1
76686_at,SNTB2
76692_at,CRYZ
76694_at,ATP13A4
76696_at,POU2F3
76699_at,TMEM18
76702_at,SLC13A1
76705_at,NGEF
76708_at,WDR92
76711_at,PCBP1-AS1
76715_r_at,LRMP
76717_at,ZC3H6
76721_at,ZNF846
76724_r_at,AHDC1
76742_at,LEF1
76749_at,C21orf54
76751_at,CLIP1
76757_r_at,KCNQ5
76762_at,IRAK2
76764_r_at,CHORDC1
76766_at,ZNF397
76770_at,XDH
76771_at,SRCRB4D
76778_at,ZNF516
76792_at,EFCAB1
76802_at,KLF6
76805_at,MECP2
76810_at,PARP8
76812_at,PCDHB14
76814_at,EP400NL
76815_at,HDAC9
76819_at,IQCJ-SCHIP1-AS1
76827_at,ATP10A
76829_at,ATP10A
76842_at,ZNF417
76848_at,CECR7
76853_at,DNAH2
76857_at,FHL5
76859_at,ZBTB20-AS1
76861_at,XKR6
76866_at,AKR1E2
76870_at,TFEC
76877_at,ADAM32
76879_at,CBY3
76881_at,LSAMP-AS4
76906_at,PATE1
76909_at,MMAA
76921_r_at,IGHV1-3
76924_at,FBLL1
76926_at,BMPR2
76929_at,CPNE5
76932_r_at,EXD3
76934_at,EXD3
76935_at,C11orf65
76938_at,DIAPH3-AS1
76951_at,TIFA
76953_at,EFCAB5
76964_at,FAM207BP///FAM207CP///FAM207A
76977_at,ENPP5
76985_at,NR3C1
76987_at,PPP1R42
76988_g_at,PPP1R42
76991_r_at,PPP1R42
76993_f_at,GGT8P///GGT1///GGT3P///GGT2
77001_at,KLB
77003_at,TAF3
77013_at,FBXO22
77015_at,C14orf105
77021_at,DLG3-AS1
77023_at,ROS1
77026_at,MAGI2-AS3
77028_at,CIITA
77049_at,BSND
77050_at,ADAM29
77058_at,NCK1
77060_r_at,ZNF487P
77064_at,IL22RA2
77065_at,ZNF548
77067_at,RPAP3
77074_r_at,COX5BP2
77076_at,RBM46
77089_at,MLLT10P2///MLLT10P1
77105_at,FZR1
77111_at,C16orf97
77117_at,CD84
77120_at,PTCHD3P1
77121_at,ANXA4
77128_at,UNC80
77130_at,FAM81B
77132_at,SMARCE1
77134_at,ARL5B
77135_at,FAM150B
77144_at,METTL12
77148_at,SORBS2
77166_at,KLHL10
77168_at,NOS3
77173_at,HOXB3
77175_at,KCNMB2
77179_at,SH3BP2
77193_at,LINC00453
77204_at,METTL14
77206_at,DNAH5
77217_at,LINC00545
77219_at,DOK5
77230_at,CT45A1///CT45A2///CT45A3///CT45A4///CT45A5///CT45A6
77232_at,MYLK4
77245_r_at,ERRFI1
77249_at,NR2F2-AS1
77251_r_at,ARHGEF37
77264_at,KANSL1
77266_at,MAP7D2
77279_at,ANKFY1
77281_at,SUSD4
77288_at,CACNG4
77289_at,WWOX
77291_at,HIPK3
77296_at,TBX5
77300_at,CST11
77302_at,MRGBP
77308_at,RORA
77310_at,MIR3152///ADAMTSL1
77317_at,MTX3
77318_at,BTG4
77322_at,C8orf37
77334_at,ARHGAP18
77336_at,SRSF12
77340_at,SPATA25
77343_f_at,PCGF3
77357_at,ARHGAP21
77360_at,NLRC3
77363_at,IL19
77372_at,ACSM2B///ACSM2A
77374_at,FRZB
77381_at,PSEN1
77385_at,EHBP1
77387_at,ANTXR1
77409_at,PPIL2
77429_at,MND1
77447_at,SRD5A3-AS1
77451_at,CCDC173
77453_at,FAM217B
77462_at,CRHR1-IT1
77464_i_at,TMA16
77466_r_at,TMA16
77467_at,UBE2W
77471_at,WDHD1
77473_at,TRAPPC6B
77476_at,ARHGAP29
77484_at,FAM83G
77486_at,SHISA2
77490_at,SMIM13
77492_at,YPEL2
77494_at,COX8C
77496_at,CDC40
77513_at,PDPR
77517_at,METTL10
77521_at,C20orf196
77539_at,CCDC102A
77573_at,BMP2K
77582_at,EPHA10
77583_at,RPL27A
77587_g_at,UBOX5-AS1
77589_at,UBOX5-AS1
77600_at,HIST1H2APS1
77604_at,DDO
77606_at,KIAA1984
77610_at,COPS4
77619_at,ORAI2
77626_at,FSIP1
77640_at,LRRC1
77653_at,GALM
77659_at,CCDC150
77661_g_at,CCDC150
77663_at,GTF3C3
77665_at,RBM45
77669_at,FAM217B
77671_at,TMEM120B
77678_at,RANBP17
77680_at,CD48
77682_at,FAM229B
77686_at,FSTL4
77694_at,C1orf146
77703_at,ANKRD45
77704_at,SLC3A1
77706_at,IL2RA
77731_at,ADAM28
77745_at,ABHD4
77748_at,NMNAT3
77754_at,GUSBP5///SMARCA5
77760_at,GJA3
77762_at,SMUG1
77771_at,KIF17
77778_at,FXR1
77783_at,LINC00454
77788_r_at,ZNF644
77795_at,MEIS1
77797_at,TDH
77801_at,MMS22L
77805_at,ADAMTSL1
77811_at,SHROOM4
77813_at,C11orf53
77815_at,SHISA9
77818_at,NOP9///LTB4R2///LTB4R
77822_at,SNTN
77828_at,CCDC150
77849_r_at,LIN54
77863_s_at,PPP6R3
77865_at,PPP6R3
77870_at,TTC23
77879_at,PPP3R2
77881_at,ZNF350
77885_at,ZNF326
77890_at,C2orf16
77895_at,NPM2
77900_at,ATXN1
77902_at,CEP41
77906_at,LY6K
77928_i_at,NKAPP1
77930_r_at,NKAPP1
77932_at,MCMDC2
77936_at,NOX4
77940_at,TBATA
77942_s_at,TBATA
77946_at,PALM3
77955_at,CNIH3
77963_at,GBE1
77967_at,TMBIM4
77969_at,PATE3
77971_at,ZNF831
77974_at,GALNTL5
77976_at,PCBP1-AS1
77987_at,BHLHE22
77997_at,MAP6
77999_at,AHI1
78005_at,FAM122C
78010_at,MCOLN3
78011_at,C5orf47
78030_at,CCDC150
78033_at,NPAS3
78035_at,NPAS3
78049_at,CCNJ
78061_at,CATSPERB
78063_at,DCAF15
78067_at,NUP210L
78077_at,TMEM217
78084_at,SPATA5
78088_at,RHBG
78090_at,TLK1
78102_at,CDRT15P2///CDRT15L2
78104_at,KATNAL1
78106_at,CLDND1
78111_i_at,BEST3
78113_r_at,BEST3
78120_at,PES1
78123_at,SIGLEC17P
78132_at,ATP1B4
78136_at,KBTBD12
78138_at,TMEM38B
78143_at,CCDC173
78148_at,TOPAZ1
78154_at,COBLL1
78158_at,SEMA4D
78164_at,DUSP19
78166_at,SLC38A1
78173_at,USP15
78181_r_at,ATG10
78183_at,PLAC1L
78188_at,FANCD2OS
78190_at,FANCD2OS
78193_at,RABL3
78201_at,CD44
78203_g_at,CD44
78211_at,KDM5B
78221_at,UGT3A1
78224_at,SLC25A30
78229_at,ITIH5
78233_at,ZNF610
78246_at,TRAF3IP2-AS1
78251_at,ARG1
78260_at,MLH3
78264_at,PYGL
78270_at,WNK2
78272_at,CAMKMT
78276_at,COL27A1
78278_at,PPP2R2A
78280_at,TET2
78286_at,HSD3B1
78289_at,PSMG4
78291_at,RAP1GDS1
78293_at,PKP4
78299_r_at,PCDH20
78302_at,SAMM50
78321_at,PHACTR4
78329_at,ABCG5
78353_i_at,FOXO6
78355_r_at,FOXO6
78358_at,NTS
78360_at,RBM46
78370_at,ELMSAN1
78372_at,GRIA4
78377_at,ORMDL3
78384_at,FIBCD1
78399_at,GSDMC
78401_r_at,ZNF251
78415_at,FAM69C
78418_at,KRR1
78419_i_at,TMLHE
78435_at,ADD2
78436_at,CAMK2D
78443_at,ECM2
78445_at,HERC1
78454_at,ITPR1
78457_r_at,HOMER2
78468_at,SYPL2
78478_r_at,FRG1
78510_at,TPM1
78514_at,PSD3
78517_at,RIC3
78523_at,SBF2-AS1
78529_at,ARRB1
78546_at,NME8
78548_at,RNF38
78551_at,PHOSPHO1
78557_at,ENAM
78559_at,SMLR1
78563_at,RMND5B
78566_at,FBXO22
78575_at,CD109
78580_at,KLF8
78591_at,SEC24A
78594_at,PDP1
78596_at,LRRC7
78604_at,USP51
78621_at,ATAD5
78634_at,COA3
78638_f_at,KIRREL
78640_r_at,KIRREL
78648_at,RNF7
78651_at,TRPC4
78656_at,RASSF10
78678_at,C6orf70
78680_at,CPSF3L
78683_at,DLX6-AS1
78685_at,TJP1
78687_at,TTC23
78690_at,RPL15
78695_at,KLHL24
78697_at,BET3L
78701_at,DNASE1L1
78703_at,EFCC1
78707_at,PRKAB2
78716_at,RBMY1A1
78717_at,C18orf25
78721_at,ERMAP
78753_at,STPG1
78755_at,TRIM67
78769_r_at,ABHD3
78772_at,RNF169
78776_at,PPP1R15B
78778_at,DNM3OS
78779_at,STRN
78781_at,OSBPL6
78786_at,ACRC
78795_at,EID2B
78798_g_at,LURAP1L
78799_at,LURAP1L
78809_at,CTDSPL2
78810_at,TMEM218
78827_at,TMEM151B///SPATS1
78829_at,NLGN4X
78844_at,SLC13A2
78848_r_at,ZNF880
78855_at,PKDCC
78857_at,YTHDC2
78864_g_at,FSTL1
78869_at,ACOT11
78872_r_at,ZNF714
78874_at,HSPA4L
78887_at,MIR141///MIR200C
78890_at,CBS
78907_at,L1TD1
78910_i_at,JAK2
78921_i_at,TPI1P2
78925_at,SFXN1
78928_i_at,POLK
78930_r_at,POLK
78932_at,POLK
78937_at,TTN
78943_at,CNR2
78948_at,PHF17
78950_g_at,PHF17
78956_at,SLC38A11
78963_at,OGFOD3
78966_at,TNRC6B
78978_at,POU2F2
78980_at,PTPLAD2
78985_at,ADAM29
78988_at,ZNF214
78991_at,MTHFD2L
78997_at,PCMTD1
79000_at,MOB3A
79003_at,SNRNP35
79005_at,SLC35E1
79018_at,CYP11B1
79022_at,PPP1R12A
79024_at,MACROD2
79030_at,SLC25A36
79041_at,RBL2
79051_r_at,RNF144A-AS1
79064_at,OGT
79071_at,NHLRC3
79074_at,FGD2
79082_at,GRTP1-AS1
79083_at,IL16
79089_at,DIDO1
79094_at,FUT11
79097_r_at,MLL5
79106_r_at,PAPD4
79108_i_at,KIDINS220
79109_r_at,KIDINS220
79111_at,KIDINS220
79118_at,TMEM161B
79122_at,BICD1
79123_at,CEP44
79132_at,ZBTB44
79135_at,NBPF8P
79142_at,RBP1
79145_at,LCP2
79152_at,SMN2///SMN1
79158_at,ANXA11
79167_at,TAOK1
79169_r_at,LRRN4
79199_r_at,EDA2R
79254_r_at,IPO5
79267_r_at,TMEM242
79271_at,QKI
79273_r_at,ZNF107
79283_at,ATPBD4
79308_at,CBLB
79310_r_at,ARSB
79316_at,CLSTN3
79317_r_at,LRRC37B
79319_at,DUSP12
79325_at,ITGAX
79326_at,KDM8
79328_at,SLC25A53
79332_r_at,TSPAN14
79336_at,COQ2
79337_at,DUOX2
79341_at,RAB9A
79347_at,C12orf43
79366_at,SMC2
79386_at,C2orf70
79398_at,NOS1
79404_at,ATP2B2-IT2
79412_at,H2AFJ
79425_at,KIF26B
79427_at,USP34
79435_at,PIGK
79440_at,CDKL2
79442_at,C20orf78
79444_at,SPATA6
79456_at,DSEL
79470_r_at,NOVA1-AS1
79479_at,WIPF3
79485_at,QSER1
79499_at,DCDC5
79503_at,TERF1
79504_at,CNPY2
79525_at,PRMT8
79542_at,DBF4B
79543_at,GRK4
79544_at,THAP6
79546_at,HDAC8
79580_at,CENPBD1
79584_at,FANK1
79592_at,PDE1C
79597_at,ZNF295-AS1
79608_at,ERLIN2
79615_at,DSC3
79620_at,ZNF720
79631_at,TMEM192
79634_at,ABT1
79636_at,CLEC7A
79638_at,RIOK3
79640_at,CCDC66
79642_f_at,CCDC66
79652_at,HSFY1P1
79657_at,HMGCS2
79660_at,ZNF195
79676_at,SYBU
79680_at,ARHGAP19
79681_at,HOXD-AS1
79683_at,RAB1A
79695_at,ZNF235
79699_at,HEY2
79704_at,HOTAIR
79708_at,TDRKH
79713_at,NTM
79717_at,PTGER3
79721_at,GBP5
79731_at,OLIG1
79733_at,BBS7
79742_at,ALS2CR11
79758_at,CHRM2
79764_at,FGF14-IT1
79766_g_at,FGF14-IT1
79772_at,ASXL3
79774_at,FASTKD1
79789_at,UHMK1
79795_at,RGS3
79797_at,BBOX1
79801_at,TRIM41
79807_at,FIBCD1
79809_at,PLEKHH2
79813_s_at,TSSK1B
79815_r_at,TSSK1B
79817_at,TSSK1B
79826_at,CCDC81
79828_at,DCAF8
79832_at,ZNF496
79865_at,SIRPD
79867_at,RUNX1
79871_at,GIGYF2
79872_at,C5orf60
79873_at,PDE1A
79888_at,FAM135B
79895_at,DDX19A
79900_at,GK5
79905_at,TRIM45
79919_at,CUBN
79937_at,ZNF567
79947_at,ZNF684
79951_at,TASP1
79956_at,UBXN10
79975_at,ITIH5
79977_at,KCNAB1-AS2
79980_at,DNAH5
79984_at,MKLN1
79987_at,NARG2
80001_at,SCNN1G
80003_at,CCDC150
80008_at,CYSTM1
80010_at,SLC16A12
80015_at,TUSC3
80017_at,NARG2
80019_at,PCDHB5
80025_at,IBA57
80039_at,NRG2
80044_at,ZMYND11
80058_at,GSPT1
80064_at,NIT1
80069_at,COL14A1
80070_at,AP5S1
80081_at,RPL4
80085_at,PTPRG
80089_at,ZIC1
80091_at,CC2D2A
80095_at,ARHGAP21
80099_at,NUPL1
80105_at,LINC00319
80110_at,S1PR3
80116_at,MIPOL1
80126_at,ZNF268
80131_at,JAG2
80133_at,SLC10A7
80134_at,ACOT13
80136_at,CDCP1
80150_r_at,CPNE7
80154_r_at,DCBLD2
80162_at,NEURL1B
80165_at,CPEB3
80169_r_at,CHPF
80171_at,KLF7
80174_s_at,RAPSN
80181_at,TMTC2
80189_at,CHMP5
80190_at,RBFOX2
80193_at,ZSCAN2
80197_at,SBNO1
80203_at,SLC36A1
80205_at,SLC36A1
80214_r_at,TUBGCP2
80216_s_at,ZDHHC24
80218_at,ETNK1
80224_at,HCG11
80227_at,GABPB2
80229_at,CNPY1
80231_at,H1FNT
80234_at,DDI1
80238_at,SDR16C5
80243_at,EXTL3-AS1
80247_at,PRKAR1A
80252_at,RASSF4
80256_at,SRCAP
80261_s_at,CREB1
80263_at,KIAA2022
80265_at,TMEM81
80269_at,GLYCTK-AS1
80271_at,HBM
80278_at,LINC00662
80286_at,GPR55
80291_at,DMGDH
80294_at,MNAT1
80301_at,PARP12
80304_at,THAP5P1///THAP5
80316_at,MX1
80318_at,LINC00313
80321_at,SLC6A5
80353_at,TM9SF4
80378_at,ZNF621
80390_at,CSRNP3
80395_at,METTL20
80397_at,PDE1C
80400_at,ESYT3
80409_at,AKT3
80413_at,ARSJ
80420_at,LRFN4
80422_at,SPG7
80430_r_at,C5orf38
80434_r_at,ZSCAN12P1
80436_at,SLC37A2
80438_at,GGN
80442_at,FN3KRP
80445_at,MARK4
80464_at,FENDRR
80467_at,CCDC39
80471_at,MRPL43
80482_at,MACC1
80493_i_at,FAM126B
80494_r_at,FAM126B
80498_at,CHD1
80500_at,CHD1
80509_at,FOXN4
80517_at,HOTTIP
80542_at,TTC28-AS1
80544_at,TTC28-AS1
80546_at,MIR143HG
80548_at,TRPM8
80550_at,HIPK3
80552_at,ALS2
80553_at,TMOD3
80555_at,RIPPLY2
80563_at,DNAJC3-AS1
80567_at,GFM1
80569_at,PHKG2
80573_at,PPP4R1L
80577_at,RFT1
80579_at,METTL21A
80582_at,VANGL1
80588_at,HOXA13
80590_at,PROM2
80605_at,STAP1
80609_at,HFE
80628_at,GAS2L3
80635_at,IPO11
80639_at,FAM196A
80647_at,ZNF140
80657_at,GPR84
80661_at,GOLGA6L2
80664_at,PSMB7
80680_at,KLC3
80691_at,DCAF16
80694_at,VAPA
80708_at,CDH23
80713_at,CCDC63
80731_at,TSHZ2
80754_at,PIN1
80758_at,OSCP1
80761_g_at,OSCP1
80769_r_at,TRIM58
80771_at,KCNE1
80775_at,FN3K
80784_at,BSND
80786_at,SPOP
80806_at,TBCK
80813_at,C17orf67
80817_at,RRP7A
80820_at,CLK4
80824_at,IQCE
80829_at,REL
80835_r_at,FCRL1
80837_at,THUMPD2
80841_at,PRPF38B
80845_at,FOXP1-IT1
80847_at,ST8SIA4
80854_at,ACTRT3
80868_at,RRN3P3
80870_at,N4BP2L1
80874_at,ACPP
80878_at,FAM105A
80880_at,NUDT21
80883_at,UGGT2
80887_at,KIF1C
80894_at,KAT7
80907_at,HAND1
80909_at,C1orf167
80912_at,PAG1
80922_at,AAR2
80929_at,FRMD8
80931_at,PEX7
80933_at,PLSCR1
80946_at,MARCH10
80949_at,FAM3C
80951_at,HRK
80964_at,IGHV1-69
80966_at,CHRNA7
80969_at,C1orf227
80973_at,CA5B
80978_at,SNAI3-AS1
81005_at,TNIK
81008_at,GDPD1
81011_r_at,ISM1
81013_at,EIF2B5
81020_at,MEF2BNB
81022_at,C1QTNF7
81029_at,C14orf180
81035_i_at,FAM127C
81037_f_at,FAM127C
81043_at,DGCR14
81047_at,GALNT10
81050_s_at,GALNT10
81054_at,LINC00476
81057_at,RNF31
81058_at,AGAP1
81060_r_at,MGARP
81062_at,ACOT9
81064_at,PION
81065_at,CNTNAP3B
81067_at,DNAJC27
81074_at,TRAM1L1
81077_at,EIF2AK4
81078_at,PUM2
81080_at,FGF20
81081_at,PSKH1
81089_at,ERAP2
81092_g_at,ERAP2
81098_at,KLHL7
81102_at,BAZ2B
81104_at,ORMDL2
81110_at,CCDC90B
81116_r_at,FBXL19
81123_r_at,PIWIL2
81125_at,HIST1H4E
81129_at,FITM2
81142_at,IKZF1
81162_at,TMEM65
81164_at,ADAMTS12
81174_at,COX19
81176_at,BLMH
81183_at,OCLN
81190_at,CDK12
81193_r_at,DNAJC27-AS1
81197_at,CTC1
81201_at,KLC1
81205_at,MON2
81212_at,EGFLAM-AS2
81214_at,ASXL1
81219_at,RNPS1
81225_at,CHRNA2
81226_at,FER
81227_at,ZNF529
81244_at,PRR26
81248_at,ZXDB
81250_r_at,ELFN1
81252_at,PHKA1-AS1
81254_at,IPMKP1///IPMK
81256_at,DCN
81266_at,MICALL2
81275_at,FAM114A2
81277_at,RPRD1A
81293_at,ORAI2
81298_at,TRIM38
81303_at,TM4SF20
81305_at,CALCOCO1
81307_i_at,LYPD1///NCKAP5
81309_r_at,NCKAP5
81313_at,KIAA1456
81319_at,EGLN3
81325_at,CHM
81331_at,RAD51C
81334_r_at,SLC10A7
81343_s_at,MPRIP
81354_at,SLC37A1
81359_at,SLC9A3R2
81365_at,ATF7
81367_at,NMNAT1
81370_r_at,ATP6V0D2
81373_at,PPP2R5C
81385_at,ZNF585A
81388_at,MFSD4
81389_at,PODNL1
81393_at,DENND1B
81401_at,CKAP2
81407_at,RADIL
81409_at,ZNF148
81411_at,CNOT6L
81412_at,CNOT6L
81418_r_at,IPP
81425_at,C22orf42
81441_at,GPR12
81450_at,ADAMTS19
81454_at,RABL2A
81474_at,KCNJ15
81475_at,RINT1
81478_at,LHFPL3
81483_at,FRMPD3
81484_s_at,FRMPD3
81491_at,ATP13A4-AS1
81494_at,TMPO
81499_at,FIBIN
81501_at,LINC00606
81515_at,CHRNA10
81523_at,DPP9
81532_at,LCORL
81537_at,ZDHHC15
81541_at,CD244
81542_at,ZNF519
81555_at,MOCOS
81559_at,DEC1
81561_at,RWDD1
81563_at,RNU6-82
81572_at,ZNF491
81574_at,CARD9
81576_at,SCRIB
81581_r_at,BMP7
81584_at,LTB4R
81588_i_at,GPR133
81591_r_at,GPR133
81595_at,TCTE1
81597_at,FMN1
81599_at,PDE12
81603_at,LINC00703
81610_at,CCDC19
81612_r_at,MYO9A
81624_at,SLC35F5
81632_i_at,MIR219-2
81635_r_at,MIR219-2
81642_at,VTI1A
81645_at,UBXN7-AS1
81650_at,SP140L
81659_at,RUNDC3B
81661_at,WDR73
81671_at,PID1
81683_at,GLYCTK
81685_at,LOXL1-AS1
81687_at,LOXL1-AS1
81691_at,PTPRVP
81693_at,BTN2A1
81702_at,WNT10A
81704_at,RAD23B
81706_at,AHNAK
81710_i_at,PRMT1
81713_r_at,PRMT1
81715_at,NEK11
81721_at,NHLRC2
81722_i_at,PTPN13
81724_r_at,PTPN13
81729_at,CCRL1
81730_at,SH3PXD2B
81732_at,CCNC
81734_f_at,HOXB-AS5
81735_at,PRORSD1P
81741_at,OPALIN
81750_at,FGFBP3
81755_at,RGS9BP
81760_at,PPARGC1B
81763_f_at,HKDC1
81769_at,HS3ST3A1///HS3ST3B1
81776_at,POLA2
81778_at,GFOD1-AS1
81784_at,FLCN
81786_at,TBC1D26
81789_at,JAM2
81791_at,ZNF287
81794_at,BRWD1
81802_at,ZBTB7A
81806_at,RAPH1
81817_at,FBXO47
81823_f_at,ZNF616
81826_r_at,ZNF616
81833_at,DIS3L2
81839_at,PPARGC1A
81843_at,C4orf47
81847_at,PGR
81854_at,GPR156
81856_at,JPX
81857_at,EPC2
81859_at,PSG6
81861_at,TMEM2
81871_at,PASD1
81872_at,LRRC4C
81874_at,HOXA11-AS
81880_f_at,NSMAF
81882_r_at,NSMAF
81887_at,GBP2
81893_at,TLN2
81894_at,EFCAB5
81897_at,CWF19L2
81898_at,C14orf105
81913_at,PPAP2A
81914_at,GPBAR1
81920_at,UBN2
81925_at,FRMD5
81927_at,FRMD5
81930_i_at,ASMTL-AS1
81933_r_at,ASMTL-AS1
81939_at,FAM81A
81945_at,PEX13
81955_at,ADAL
81958_at,TSHZ2
81962_at,KLHL24
81964_at,TIGD7
81970_at,MYO1B
81973_r_at,RBM26
81983_at,FAHD2A
82006_at,HAR1A
82008_at,BCAT1
82010_r_at,C9orf41
82012_at,FAM115D///FAM115C
82013_at,CLEC7A
82015_at,LANCL3
82019_at,C9orf147
82023_i_at,SREK1
82025_r_at,SREK1
82034_at,RGMB
82035_at,RTKN2
82051_at,CASZ1
82053_at,TPGS2
82055_at,STARD4
82057_at,NPEPPS
82059_i_at,TNIP1
82061_r_at,TNIP1
82064_at,TMEM171
82070_at,HCG18
82072_at,ESRP1
82075_at,EMX1
82079_r_at,USP15
82082_at,TLE3
82089_at,ING5
82108_at,C1QTNF6
82110_at,EQTN
82112_at,ZDHHC13
82121_at,RPF2
82130_at,PARP11
82133_at,EXOC8
82143_at,SLC6A19
82154_at,SNORD72///RPL37
82158_at,TNRC6B
82164_at,MYADML2
82168_at,ATXN7L1
82174_at,FOXA1
82187_at,FAM46A
82196_at,NUP62CL
82200_at,SLC10A7
82202_at,POLR1A
82204_at,TRIP11
82211_at,SH3D19
82216_at,TRIM71
82218_at,ZNF669
82219_at,CCNK
82221_at,NBPF1
82225_at,EEFSEC
82226_at,RSPO2
82228_at,MTFMT
82231_at,RHOV
82232_at,C14orf37
82233_r_at,DCAF16
82234_at,FAM13B
82237_at,FAM134A
82238_at,N6AMT1
82240_at,C4orf22
82246_at,GMCL1
82251_at,FOXD4L1///FOXD4///FOXD4L6///FOXD4L3
82260_at,RPL31
82270_at,GPR61
82288_at,ZNF383
82293_at,SLC5A11
82297_at,DOK6
82298_r_at,UGT3A1
82304_at,GART
82306_r_at,FNBP4
82314_at,RAB3IP
82317_at,MTL5
82318_at,AGPAT3
82342_at,LINC00675
82344_at,FSD1L
82346_at,TMTC2
82351_r_at,CAST
82354_at,C11orf63
82360_at,SPECC1L
82364_at,IDH2
82365_at,CCDC54
82369_at,CCDC90B
82372_at,RIMKLB
82381_at,CHSY3
82386_at,TRAF6
82407_at,GPRC5A
82410_at,DNAJC5
82411_at,HR
82415_r_at,SLC19A3
82421_i_at,PPP2R2A
82422_r_at,PPP2R2A
82424_at,SNCAIP
82426_at,C8orf44
82429_s_at,C8orf44
82432_at,MFSD3
82445_at,MYOCD
82448_at,EPN3///SPATA20
82450_at,TBX21
82459_at,ZFPM1
82461_at,VMP1
82462_at,SERAC1
82472_at,CCDC88A
82479_at,ZFAND4
82489_at,ATG9B
82492_at,CNOT11
82497_at,SLC1A3
82500_g_at,SLC1A3
82508_at,NFASC
82514_at,APLP2
82515_at,STXBP4
82517_s_at,PAQR3
82519_at,PAQR3
82524_at,PTP4A1
82525_at,KCNJ10
82529_r_at,PRLR
82531_at,COL11A1
82533_g_at,COL11A1
82538_at,NOSTRIN
82548_at,ELMOD3
82556_at,PRPSAP1
82560_at,THAP7-AS1
82563_at,ERCC6
82567_at,FAM208B
82569_at,ZNF599
82571_r_at,TBX1
82572_at,GABBR1
82576_at,FAM182A
82584_at,SYT15
82586_at,AMMECR1L
82588_at,CFLAR
82589_at,NFRKB
82591_r_at,NIPAL2
82594_at,RAB21
82596_r_at,RCOR1
82606_at,SNX19
82608_g_at,SNX19
82609_at,SNX19
82611_at,PTK7
82613_at,CCNE2
82614_g_at,CCNE2
82619_r_at,MTBP
82621_at,EP400NL
82629_at,AUTS2
82630_g_at,AUTS2
82643_at,FAM134B
82645_at,ATL2
82654_at,ZFYVE20
82660_at,NIN
82665_at,TRIB1
82675_f_at,LNPEP
82677_r_at,LNPEP
82678_at,RAB3GAP1
82687_at,C9orf3
82695_at,UHRF2
82700_at,MIR3940
82705_at,MSX1
82707_at,C12orf60
82712_r_at,THG1L
82717_at,NMT1
82720_at,NEFL
82732_at,OGFOD2///ARL6IP4
82738_at,FAM19A2
82739_at,FAM19A2
82744_s_at,CASR
82746_r_at,METTL3
82748_at,PLK4
82768_g_at,SPATA3
82770_at,SPATA3
82774_g_at,CLCC1
82777_at,OSBPL10-AS1
82786_at,EVA1C
82794_at,SLC9A8
82796_at,FAM65B
82798_g_at,FAM65B
82799_at,WRAP73
82803_at,COASY
82806_at,TRIM69
82808_at,SCFD1
82811_g_at,SCFD1
82814_at,ARHGEF33
82817_at,CRELD2
82822_f_at,HCG11
82825_r_at,HCG11
82827_at,MAK
82828_at,ZBTB10
82830_at,RAB11FIP3
82835_at,TTC33
82843_at,CCDC178
82847_at,LSM11
82851_r_at,KCNMB4
82866_at,THSD4
82867_at,ASB4
82873_at,NFE2L2
82878_at,RIF1
82884_at,CHPF2
82888_at,TTC39B
82891_at,PAH
82892_at,RHOF
82900_at,CCDC171
82903_at,TMPRSS3
82907_at,STYK1
82912_at,FRMD7
82918_at,FAM124A
82924_at,FIGN
82926_at,ZBTB6
82932_at,HMX2
82936_at,DOCK8
82953_at,KLHL23
82955_at,FANCA
82959_at,REG4
82961_at,ING3
82975_at,GAREM
82977_at,STRN
82980_i_at,FAM161B
82983_at,ALAD
82984_at,RHOQ
82986_at,ARPP19
82992_r_at,LINC00338
82996_at,SIN3A
83001_at,SLA2
83007_at,VGLL3
83018_at,ERLIN2
83020_f_at,AGFG2
83023_r_at,AGFG2
83024_r_at,ZNF41
83026_i_at,ZNF41
83033_at,KDM4D
83041_at,AMACR///C1QTNF3
83049_at,C16orf86
83056_at,ZNF207
83057_at,TMTC4
83063_at,WDR20
83065_at,VARS2
83076_at,GLUL
83080_at,ZNF544
83082_at,TMEM71
83084_at,TMEM104
83090_at,CCDC43
83099_at,GPD2
83101_at,NANOS1
83115_at,XRCC2
83117_at,PTAR1
83119_at,KIAA0430
83121_at,BMS1P1
83123_at,DNAH10OS
83125_at,ZNF561
83133_s_at,C1orf228
83135_r_at,C1orf228
83141_at,DLGAP2
83145_at,INPP5E
83146_at,C11orf21
83148_at,ZNF24
83152_r_at,UBN2
83157_at,USP13
83162_at,STK24-AS1
83172_at,ZDBF2
83186_at,LAMA5
83188_at,SPACA3
83189_at,CISD1
83194_at,NAA35
83198_at,LZTFL1
83204_at,LINC00654
83231_at,LINC00466
83234_r_at,SNORA13
83235_at,LINC00462
83240_r_at,AK5
83248_at,POU3F2
83256_at,ARL17A
83260_s_at,IGF2BP1
83272_at,ZNF717
83273_at,ST6GALNAC6
83279_at,ZNF727
83287_at,SDAD1
83294_at,AFM
83299_f_at,ZNF626
83301_r_at,ZNF626
83313_at,COX7A2L
83333_at,PGAM1P11
83355_at,CHRNA4
83364_at,SLC8A3
83380_r_at,FBXO36
83404_at,RTKN2
83410_at,MAML3
83432_at,EVI5L
83447_at,CCBE1
83455_r_at,OSCAR
83466_at,ZNF812
83478_at,RSRC1
83485_at,TRIB3
83494_at,BCAT1
83499_at,ATP6V0D1
83503_at,ZCCHC13
83514_at,FAM174B
83519_at,HAGH
83523_r_at,CNP
83530_at,SNX22
83554_at,SULF2
83562_at,CIITA
83564_at,ZSCAN2
83566_at,ZNF793
83578_at,YTHDC1
83582_f_at,SEC62
83585_at,ZNF230
83591_at,VPS13C
83599_at,PPP1R3B
83609_at,ZNF774
83623_at,ITM2B
83625_at,CRAT
83637_at,PAQR8
83639_at,ZNF423
83643_at,ACAP2
83645_at,FBXL3
83647_at,ARID2
83649_r_at,SLC16A7
83656_at,GSTCD
83662_at,TRIM24
83679_at,ZNF470
83681_at,SMG6
83698_r_at,MAGI1
83700_at,RFX3
83709_r_at,ULK2
83714_s_at,ZCCHC2
83716_r_at,ZCCHC2
83718_r_at,ZCCHC2
83722_at,C1orf210
83729_at,TP53I11
83734_at,RHEBL1
83739_at,PCDHB16
83755_at,FPGS
83763_at,BOLL
83770_at,ENDOV
83773_at,PKD2L1
83783_at,GAA
83789_r_at,TRMT10A
83799_at,KITLG
83801_at,MON2
83803_at,CASP10
83821_at,PI4K2B
83823_at,BCL11B
83838_at,TSPYL6
83839_at,ITSN2
83842_at,GIMAP1
83848_g_at,PTH2R
83850_at,PTH2R
83862_at,CXXC1P1
83867_at,SYP-AS1
83870_at,HEATR1
83874_at,CA5B
83876_at,HDAC11-AS1
83889_at,SH3YL1
83891_at,RDH13
83898_at,NOX5
83902_at,PARP6
83904_at,SETD7
83943_at,LANCL3
83950_g_at,SCEL-AS1
83952_r_at,SCEL-AS1
83953_at,RSPH4A
83957_s_at,TXNDC9
83960_r_at,TXNDC9
83963_at,OSBPL9
83970_at,UFD1L
83980_at,MEIS1
83983_at,IGF2BP1
83991_at,NCOR2
83996_at,C7
84000_at,COG6
84010_at,UBXN7-AS1
84013_at,RASEF
84016_at,OTOA
84024_at,REXO1
84042_r_at,ABCB8
84058_r_at,SLC4A8
84060_at,ZC3H18
84062_at,OS9
84064_at,UQCRB
84068_at,TMEM199
84070_at,EFHC1
84074_at,EAF2
84082_at,TP53AIP1
84084_at,INPP4B
84095_at,MCC
84103_at,TBC1D16
84114_r_at,SMIM14
84119_at,TCOF1
84126_at,PRICKLE2-AS2
84129_at,E2F2
84135_at,DTYMK
84139_at,SRGAP3
84143_at,CCDC60
84145_at,UNKL
84161_at,ZDHHC2
84163_at,KCNQ4
84172_s_at,ZNF215
84174_r_at,ZNF215
84179_at,SEPSECS
84190_at,HELLS
84216_at,VAMP4
84221_r_at,HMBOX1-IT1
84222_at,CCDC93
84224_at,EBF3
84226_at,STAU2
84230_at,CLK4
84232_at,SH3BP5L
84239_at,ZNF519
84254_at,SULF2
84270_at,LYNX1
84272_at,WBSCR27
84281_at,TBX10
84285_at,PGAP1
84287_at,CEP89
84290_at,HLA-DQB1
84293_at,ZNF836
84306_at,GIPC2
84310_at,YAF2
84319_at,GNAI3
84320_at,ENTPD4
84345_at,VPS37A
84348_g_at,VPS37A
84374_at,COA1
84376_at,CPEB4
84397_at,SLC2A5
84402_at,ALDH1L1-AS1
84409_i_at,LINC00444
84413_at,LACE1
84415_at,DDX11-AS1
84432_at,PHF3
84436_at,AURKA
84459_at,CDKN2AIPNL
84460_at,ZNF20
84463_at,ANKRD44-IT1
84488_i_at,PAGE3
84491_f_at,PAGE3
84494_at,C16orf52
84496_at,SLC4A8
84499_at,LETM1
84506_i_at,CHRDL1
84526_r_at,HLA-F-AS1
84534_at,PSTPIP2
84543_at,ELL3
84552_at,ANKRD20A12P
84556_at,CLPB
84568_i_at,FBXO38
84572_i_at,GPR97
84574_r_at,GPR97
84583_at,CBX5
84619_r_at,CIDECP
84624_at,TXNDC5
84631_at,RRM2B
84634_r_at,TTC5
84637_at,SDCBP
84640_at,GPRIN3
84642_r_at,CNTNAP3///CNTNAP3B
84653_at,PRMT7
84656_at,MTTP
84660_r_at,NPL
84661_at,PLEKHO1
84663_at,ADPRH
84685_at,LACE1
84690_at,C4orf29
84698_at,MYO9A
84699_at,COX19
84701_at,ADAMTS6
84703_at,SELRC1
84707_s_at,ZSCAN30
84710_r_at,ZSCAN30
84717_at,XXYLT1-AS2
84736_at,CLINT1
84742_at,LRRC43
84752_r_at,POLR2E
84754_at,C8orf12
84765_at,TNFSF13B
84768_at,EMP1
84776_at,NFAM1
84786_at,ENTPD6
84805_at,CDC42BPB
84811_at,SOGA1
84813_at,KCNQ2
84814_at,ZKSCAN7
84826_at,SLC4A8
84828_at,IL37
84835_at,USP7
84856_at,SMAD9
84863_at,GTPBP8
84869_at,DSC3
84876_s_at,KRT35
84878_r_at,KRT35
84881_at,CCND2
84883_at,IL36RN
84885_at,SLC1A4
84888_s_at,CCDC18
84890_at,DAZAP2
84901_at,ANKRD61
84909_at,GBP4
84917_at,MED23
84932_at,GPR114
84943_at,ITGA4
84945_at,SMAD3
84947_at,ZDHHC11
84957_at,LCAT///SLC12A4
84958_at,EGFLAM
84965_at,MOXD1
84972_at,TADA2B
84974_at,CDH13
84978_at,AGFG2
84982_at,KDM3B
84985_s_at,FOXK2
84999_at,TSPY26P
85003_at,IMMT
85005_g_at,IMMT
85010_at,CAPN2
85022_at,CPSF6
85047_at,HECTD1
85053_at,PNPLA8
85060_at,COBLL1
85068_at,ELL2
85075_at,NDUFA9P1
85081_at,SLC38A6
85083_at,LRP2
85086_g_at,CAPN3
85095_at,SHC3
85099_f_at,ZNF264///ZNF805
85101_r_at,ZNF264
85111_at,DCC
85113_at,DMWD
85116_at,LRIG2
85118_g_at,LRIG2
85120_at,MLL5
85122_at,KLF13
85125_g_at,KLF13
85138_at,BOLL
85140_at,SYNE1
85147_at,EIF2AK2
85151_at,VAMP4
85158_at,LCAT
85170_r_at,LY86-AS1
85175_at,NDE1
85180_at,PCDH10
85189_at,BTRC
85196_at,TRIM7
85209_at,ITSN2
85219_at,NREP
85241_at,COL6A4P2
85245_at,RIC3
85248_at,WISP1
85268_r_at,PROB1
85270_i_at,C17orf51
85272_f_at,C17orf51
85285_at,FGD6
85291_at,PALM2
85300_at,ZNF236
85302_at,ZBTB11
85304_at,FBXO15
85305_at,SDR16C5
85310_at,FOXP2
85312_at,TBCE
85315_at,AHRR
85321_at,GPSM2
85328_at,CA12
85330_at,DCAKD
85332_at,SOX4
85333_at,ZNF687
85335_at,PLCH1
85349_at,HMX2
85358_r_at,C15orf59
85361_at,DCAF5
85365_at,ZNF547
85375_at,CCDC134
85379_r_at,OTOGL
85384_at,C7orf60
85388_at,IQCA1
85395_at,NTNG1
85407_at,ZSCAN9
85417_r_at,ROR1
85425_at,DENND5B
85437_at,MYO3A
85441_at,EMC9
85453_at,LINC00315
85463_at,POLR2J4
85473_at,ROBO1
85486_at,SYNPO2
85491_r_at,PCMTD1
85493_at,LDLRAD3
85503_at,FUBP1
85511_at,FAM229A///BSDC1
85525_at,ZNF704
85527_g_at,ZNF704
85529_at,ZNF596
85531_at,PHF14
85536_at,NRK
85542_at,MOSPD2
85543_at,CPPED1
85549_at,KIF3A
85557_r_at,SULT2A1
85559_at,GNL3
85564_r_at,CCDC18
85569_at,ATCAY
85572_at,SLC25A51
85578_at,NAALADL2
85581_at,XPO4
85586_at,ITFG3
85588_at,SAMD13
85591_at,EFHA2
85593_at,ZDHHC17
85598_at,EYA4
85614_at,ST8SIA2
85616_r_at,VKORC1L1
85619_at,SEPSECS
85631_at,DLX3
85634_at,FBXO39
85638_at,LRRC4B
85644_at,GGPS1
85647_at,PDS5A
85648_at,C12orf10
85663_at,DPCR1
85688_at,GEN1
85690_at,DLGAP3
85691_at,CD38
85702_at,TMEM151A
85706_at,LONRF3
85722_at,CCDC90B
85726_i_at,SREK1
85728_r_at,SREK1
85732_at,DDHD2
85737_at,ZC3HAV1L
85745_at,DLD
85753_at,ATOH7
85756_at,OR2W3
85764_at,FCHO2
85776_s_at,RHAG
85796_r_at,CNTROB
85806_at,WDR36
85819_at,HELZ2
85834_at,BMPER
85860_at,C4orf50
85867_at,ANKFN1
85868_at,RS1
85871_at,TMEM254
85876_at,ARSB
85888_at,EFCAB7
85900_r_at,PHKB
85915_at,COL2A1
85921_at,KCNN2
85926_at,ARAP1///STARD10
85933_r_at,NR2C1
85937_at,AAAS
85945_at,API5
85949_at,MARCH8
85954_at,BCL2L13
85973_at,SNRPA
85998_r_at,CSNK1D
86031_at,VSIG1
86040_at,SPIN3
86048_at,KCTD8
86074_at,TMPPE
86080_at,SLC24A4
86095_at,TRMT11
86105_r_at,YIPF4
86110_at,CTSF
86113_r_at,OPA3
86116_at,VSTM5
86118_at,PCK2
86126_at,SLC30A8
86128_at,NXPE4
86141_at,MPPE1
86177_f_at,DDX49
86179_at,DDX49
86199_r_at,BRAF
86206_i_at,FAM118B
86208_f_at,FAM118B
86213_at,UBE2B
86229_r_at,ABCD4
86233_at,SV2B
86235_at,MAP4K4
86244_f_at,METTL16
86250_at,WWC2
86254_r_at,NOTCH1
86258_r_at,SFXN1
86263_r_at,HRH3
86279_at,C11orf54
86292_at,DCAF11
86296_at,RDX
86311_at,KLRF1
86319_at,KCNH6
86323_at,ANKZF1
86324_at,ARL15
86326_g_at,ARL15
86332_at,RSRC2
86334_at,RSRC2
86340_at,UFSP2
86377_at,SON
86379_r_at,WAC
86389_at,OXA1L
86392_at,HSPA9
86403_r_at,KTN1
86415_i_at,PRR15L
86423_at,MRPS28///TPD52
86428_at,TMEM8B
86439_at,DROSHA
86449_at,HLCS-IT1
86450_g_at,HLCS-IT1
86463_at,EML6
86491_at,SOD2
86495_i_at,ZNF205-AS1
86498_r_at,ZNF205-AS1
86500_at,FAM199X
86508_at,PADI4
86514_at,LINC00337
86518_at,NCAN
86521_at,KLHL30
86544_r_at,FTX
86548_at,ZNF37A
86555_at,FBN3
86559_at,INADL
86571_r_at,SPA17
86584_at,ZBED3-AS1///HMGB1P35
86586_at,VWA7
86599_at,NOL4
86616_at,DNAJC27
86652_at,BCL6
86665_at,MSH2
86668_at,AIM1L
86724_at,KIF21A
86734_at,AGBL3
86738_at,DDX11
86743_at,NEBL
86746_r_at,SOGA1
86751_at,KIAA1328
86758_at,BOLA3-AS1
86769_at,LRFN5
86775_at,DNAJB7
86786_at,INTS10
86788_r_at,POMT1
86797_at,ATF2
86810_at,STXBP2
86812_at,DLGAP3
86814_at,XRN1
86824_at,TMC7
86857_r_at,XPOT
86881_at,ALPK1
86887_at,CTNS
86923_at,JARID2-AS1
86924_at,C4orf36
86942_at,LRCH3
86987_at,SLC25A3P1
87006_at,GALNT15
87016_at,NTN4
87034_at,MACF1
87038_at,PRMT5-AS1
87040_at,OSBPL10-AS1
87055_at,KALRN
87056_at,OSGEPL1
87064_at,DNMT3A
87078_at,SUN1
87087_at,DZIP1L
87098_at,ATP8A1
87107_at,VGLL3
87109_at,AFF3
87114_at,C20orf118
87127_at,TIGD4
87141_at,INO80
87143_at,GOLGA6B///GOLGA6A
87160_at,IGSF1
87180_at,GLUD1
87202_f_at,ATF6B
87217_at,DDOST
87247_at,DOCK1
87250_at,PRR15
87256_at,POLR1A
87259_at,DPH1
87270_at,FAM171B
87287_at,SLC22A10
87291_at,SIAH1
87292_at,FMR1-AS1
87295_at,PKHD1
87326_at,UBL4B
87333_at,SPATA9
87336_g_at,SPATA9
87338_at,SLC35B4
87354_at,LAMTOR5-AS1
87361_at,CATSPER1
87386_at,ACRBP
87393_at,FXYD2
87413_at,ISM1-AS1
87417_i_at,NIPAL3
87420_f_at,NIPAL3
87441_at,FAM114A1
87461_at,PSMD14
87489_at,CCT2
87512_at,RNF170
87515_at,C7orf41
87534_at,SH3PXD2B
87554_at,PAN3
87559_at,FAM114A1
87575_at,KIAA1377
87587_at,FAM208A
87676_at,TFR2
87693_at,HOXC9
87706_at,ADIG
87735_at,LRRC37BP1///LRRC37B
87769_s_at,HMBOX1
87770_at,HMBOX1
87772_at,MRPL42
87776_at,SLC9A2
87791_at,PABPC5
87808_at,LPCAT4
87820_at,NTPCR
87847_at,CXCL12
87851_at,C9orf66
87866_at,CCDC122
87868_at,SORT1
87870_at,CTXN3
87879_r_at,FADS2
87883_at,ABCC5
87892_at,CCDC84
87903_at,GALK2
87928_at,NCKAP5
87963_g_at,ZNF34
87975_at,FAM50A
87986_at,MAMSTR
87999_at,C10orf12
88018_at,MAT1A
88031_at,SENP2
88032_at,RPS19BP1
88038_at,AQP7
88052_at,MORC1-AS1
88053_at,ARFGEF2
88055_at,DCAF4L2
88059_at,PHACTR1
88073_i_at,HDDC3
88075_r_at,HDDC3
88086_r_at,STK35
88092_at,PACSIN2
88094_at,ANGEL1
88102_at,SYNE1
88120_at,PION
88125_i_at,PDCD5
88127_r_at,PDCD5
88134_at,P4HA1
88138_at,ZNF471
88146_at,ENTPD8
88183_at,RCN1
88198_r_at,AGBL3
88201_at,C8orf44
88215_at,ANKHD1
88218_at,PIP5K1A
88225_at,NIPAL1
88245_at,UBXN2A
88247_at,QSER1
88282_at,GSG2
88290_at,PDP1
88296_at,ST8SIA6
88301_at,TBC1D27
88316_at,BSG
88326_at,PSMA3
88328_at,CBX2
88330_at,ATP5G1
88363_at,FBXL20
88373_at,CTDSPL2
88381_r_at,NKTR
88392_r_at,XPNPEP3
88399_at,LMBRD2
88409_at,LINC00371
88416_at,ZBP1
88418_at,CEP95
88436_at,TRIM48///TRIM49D1P///TRIM49D2P
88438_at,CASK
88441_g_at,CASK
88456_at,FAM90A1
88470_r_at,TMEM245
88472_at,HOXA-AS3
88479_s_at,SNORD105B///PPAN-P2RY11///PPAN
88497_at,ZNF669
88503_at,S100PBP
88512_at,MTMR8
88515_at,RTP3
88529_at,NDUFB1
88538_at,KCNJ16
88540_at,C2CD2
88555_at,ZNF259
88559_at,RUFY3
88562_at,HEATR5A
88566_at,IRX2
88568_at,AGTR1
88574_at,EPHA1-AS1
88586_s_at,IL16
88600_at,MMS22L
88605_at,ATP11C
88618_at,ITFG2
88622_at,PLA2R1
88638_at,CACNG2
88655_at,CLASP2
88661_f_at,NRP2
88668_at,SLC25A43
88670_at,TNRC6B
88679_at,MVD
88684_at,MAFA
88686_at,FBXO11
88696_at,CENPV
88703_at,ZNF567
88715_at,SLC2A4RG
88722_at,THADA
88724_at,ARFGEF1
88727_at,FAM105B
88729_at,MRPL19
88731_at,GLT8D2
88734_at,KIF13B
88739_at,SSR1
88742_at,ZC3H14
88746_at,SHE
88747_r_at,NAA30
88752_at,MORN1
88756_at,RNF5
88758_at,PLEKHS1
88761_at,MCM9
88762_at,SHROOM1
88784_at,NT5DC4
88799_at,PARP12
88801_at,DENND4C
88805_at,TRIM2
88815_s_at,HNRNPA2B1
88818_at,NUP205
88821_at,NHLRC4
88835_at,GANAB
88837_at,WHSC1
88843_at,ADAMTS1
88847_at,HMGB1
88849_at,C1orf86
88851_at,C1QTNF1
88862_at,EIF2C1
88863_at,PRRG4
88866_at,ZIM2
88870_at,TMEM174
88890_at,FCRL5
88896_at,DBIL5P2
88913_at,TUBGCP4
88915_at,RAP1GDS1
88918_at,SCML4
88934_at,LARP6
88938_at,ZNF789
88944_at,EPHA5
88955_at,PCID2
88958_at,CPNE8
88960_at,ZNF701
88971_at,CDKL3
88973_at,GRAMD1A
88989_at,CIITA
88998_at,MAU2
89015_at,TOM1L1
89017_at,PROK2
89029_at,TCF7L1
89031_at,AMYP1///AMY2B///AMY2A
89039_at,OPRK1
89048_at,ATG12
89050_at,FAM151A
89054_r_at,DLG4
89056_r_at,C5orf63
89058_at,ERI1
89060_at,PLS1
89062_r_at,FBXL6
89064_at,GNPTG
89066_at,PTPN9
89079_r_at,EDEM2///MMP24-AS1
89089_at,PCDHB7
89107_s_at,GNA11
89108_at,DDX11
89110_at,EIF4G2
89115_at,APOL5
89119_at,ZNF252P-AS1
89123_at,NASP
89128_at,CLEC4E
89133_at,WWP1
89136_at,AP3B1
89147_at,MARVELD3
89153_at,LFNG
89160_at,ASCC3
89174_at,ARHGAP29
89183_s_at,FAM19A5
89199_at,DOK3
89201_at,PRX
89208_at,FAM207BP///FAM207CP///FAM207A
89210_at,CHN1
89216_at,GK
89218_at,AK7
89227_at,SYT6
89236_at,ST6GALNAC6
89238_r_at,EMB
89242_f_at,SVIL
89245_r_at,SVIL
89254_at,LINC00704
89258_at,EDA2R
89260_i_at,SIM1
89265_at,STK39
89273_at,WDR66
89287_at,NAA15
89315_at,CA5B
89317_i_at,LARP1
89319_r_at,LARP1
89327_at,PRKD2
89332_at,GOSR2
89334_at,ROR2
89344_at,EPHA6
89348_at,LINC00161
89352_at,GINS1
89355_at,ZNF234
89358_at,CES5AP1
89363_at,WASH3P
89374_at,TMEM255B
89384_at,WWC2
89394_at,GUCY1A3
89396_at,SLC36A2
89404_at,CACNA1D
89406_at,ELMO1
89412_at,LCP2
89435_at,HEATR5B
89439_at,CCDC60
89441_at,BLNK
89442_at,CDK6
89447_at,RXFP1
89450_at,ANKS4B
89458_s_at,ODF2L
89461_r_at,ODF2L
89471_at,GINS1
89474_r_at,ADAM28
89475_at,TMEM14B
89479_at,NDUFB2-AS1
89486_at,NCOA1
89493_at,ZNF530
89495_at,ZNF562
89498_r_at,GPATCH2
89499_at,PDXK
89501_at,LINC00354
89504_at,CHD3
89512_at,PUS1
89516_at,USP31
89524_at,SFSWAP
89530_at,DLGAP2
89532_at,DNASE1L3
89541_at,HTR2A-AS1
89545_at,ARHGEF9-IT1
89554_at,NFATC3
89565_at,MFAP3L
89571_i_at,PAX6
89573_f_at,PAX6
89585_at,TANGO6
89606_i_at,PPP2R3B
89607_r_at,PPP2R3B
89614_r_at,YDJC
89620_at,DUSP28
89622_r_at,EP400
89632_at,DUSP18
89633_at,NTM
89653_f_at,TTC9B
89673_s_at,EXOSC10
89676_at,TSC22D1
89678_r_at,DDX19A
89681_at,ADSL
89718_at,GALT
89720_at,HDDC3
89738_at,ZBTB37
89742_at,UTP14C
89755_at,SMEK1
89775_r_at,ASL
89779_at,LTBP3
89781_at,MLL
89783_at,GFOD2
89790_at,GRID2
89792_at,RTKN
89794_at,TNIP1
89797_at,TCEB3
89806_at,CNTN4
89809_g_at,CNTN4
89816_r_at,PTGR2
89822_at,FNDC9
89828_at,APBB2
89835_at,HBS1L
89839_at,IL11RA
89841_g_at,IL11RA
89843_at,CD81
89845_s_at,RFTN1
89847_at,ZDHHC3
89854_f_at,NRBP2
89856_at,CD83
89861_at,NMB
89863_r_at,ERF
89865_at,SLC25A3
89867_at,UBE2B
89871_g_at,DIDO1
89874_at,PRRC2A
89876_s_at,PRRC2B
89884_at,MT2A
89886_at,FAM81B
89887_s_at,ACOX3
89889_i_at,ACOX3
89891_s_at,C2orf49
89895_f_at,GSDMB
89897_s_at,UTP14C
89899_at,MX2
89901_s_at,ATP6V1E2
89906_s_at,TTC3
89908_f_at,GDI1
89911_s_at,OST4
89913_s_at,JUN
89917_at,APOC1
89919_s_at,TAX1BP3
89921_at,IL11RA
89924_at,RHOC
89926_r_at,DTWD2
89928_at,AKAP17A
89929_at,DDX17
89930_s_at,SH3BGRL3
89933_at,KNG1
89935_at,SPTAN1
89937_at,ASPG
89939_at,SDF2
89941_g_at,SDF2
89943_s_at,ITGAE
89945_s_at,FLNA
89946_at,TCN2
89949_r_at,CD163
89954_at,CARS
89960_at,UBE2B
89961_at,TTC23
89966_at,TFF3
89972_at,NT5E
89974_at,IGFBP4
89978_s_at,ST6GAL1
89980_s_at,SNORA64///SNORA10///RPS2P5///RPS2P55///RPS2P4///RPS2P7///RPS2///RPS2P46
89984_at,PCYT2
89986_at,TTC23
89988_at,EIF3C///EIF3CL
89990_f_at,UBALD2
89992_s_at,C15orf57
89994_r_at,CBX3
89997_at,TCF4
89999_at,CCDC18
90001_s_at,CSNK1E
90006_at,ARF3
90021_s_at,RNH1
90023_i_at,SHFM1
90025_r_at,SHFM1
90029_at,SCP2
90031_at,PNKP
90033_at,PDE2A
90035_at,GNB5
90037_at,EWSR1
90038_at,SAP18
90047_at,POLD2P1///POLD2
90048_at,H3F3B
90051_at,TUBB4B
90054_r_at,PCYT2
90055_s_at,MAF
90057_at,CHGA
90073_at,RPL32P3
90078_at,TTL
90082_r_at,TCAIM
90091_r_at,CEP57
90103_at,ISG20
90108_at,URGCP
90112_at,ATF7
90118_at,CYP19A1
90120_at,BPTF
90122_f_at,ASPG
90124_r_at,ASPG
90129_at,PTEN
90145_at,ERGIC1
90151_at,MOSPD1
90152_at,CCDC153
90166_r_at,CAPRIN1
90168_at,IFRD1
90170_at,ARHGAP26-AS1
90176_at,EIF3B
90178_at,TGFB1I1
90184_at,PIK3CB
90190_at,SOAT1
90193_at,CEP44
90196_at,SIGLEC5
90204_at,SLC46A3
90206_at,STAU2
90208_at,TOP3B
90211_at,CENPL
90216_at,SPTA1
90218_at,SORL1
90225_at,TTC21B
90235_at,ANGPTL3
90243_f_at,HAO2
90253_at,SLC15A2
90258_at,SPNS3
90269_at,CEPT1
90282_at,PRSS50
90289_at,WHSC1L1
90293_at,SAMSN1
90303_at,GOT1L1
90305_at,BRD8
90307_at,C12orf42
90309_at,MDH1B
90321_at,CST8
90323_at,CDH23
90325_at,ZNF555
90328_at,ARHGAP18
90330_at,TRIM11///TRIM17
90332_at,BEST3
90338_at,TTC23L
90342_at,C21orf49
90346_at,SMIM4
90354_at,FAM182A
90357_at,CLYBL
90372_at,TMEM154
90374_at,ZDHHC21
90376_at,PLA2G16
90379_at,ZBTB26
90388_at,CCNT2
90403_at,KIAA2022
90405_at,FAM120AOS
90417_at,RPS6KA5
90418_at,ENTPD3-AS1
90423_at,PCDH7
90425_at,PGBD4P7
90427_f_at,RABL3
90430_at,RABL3
90436_at,WNT2
90441_at,MBD1
90459_at,TSPEAR-AS1
90470_r_at,SUPT16H
90472_at,POLR3E
90484_at,NR1H4
90500_r_at,WHAMMP3
90516_at,SCGB1C1
90518_at,MMGT1
90520_i_at,NLGN2///SPEM1
90521_r_at,NLGN2///SPEM1
90523_at,C16orf97
90535_at,GPHA2
90543_at,MEIOB
90545_at,METTL14
90555_at,VASH1
90560_at,ZIK1
90569_at,CST11
90571_at,DTD1
90573_at,HOXD-AS1
90575_at,ARHGAP18
90581_at,TMEM255B
90586_at,FSCN3
90597_at,SOX6
90605_at,TRAPPC6B
90615_at,COL4A3
90619_at,LRRTM1
90623_at,PRDM16
90641_at,ETS1
90643_at,ZNF19
90647_at,SUSD4
90651_at,NUP210
90655_at,PSMA8
90663_at,SAMD9L
90666_at,SLC25A31
90674_at,ADRA2B
90676_at,ATP6V0D2
90678_at,SPATA16
90682_at,GRB10
90691_at,PRR7
90693_at,ZNF681
90698_at,ALPK1
90700_at,LYPD6B
90701_at,POU2AF1
90703_at,KCNIP1
90707_at,RPH3AL
90709_at,PDZD4
90715_at,BCOR
90717_at,XPR1
90748_at,C5orf54
90752_at,AHI1
90754_at,PKHD1
90755_at,PDE4D
90758_at,DLGAP1
90761_at,LAMTOR4
90769_at,ZNF207
90780_at,FAM98A
90792_at,RGPD3
90793_at,TEX37
90796_at,TOPAZ1
90804_at,CYP17A1
90807_at,SPAG16
90809_at,MEGF11
90811_at,PLAC1L
90816_at,KCND3-AS1
90822_at,ADRA1D
90824_at,SEC1P
90833_at,LINC00623
90852_at,FAM78B
90854_at,CCDC30
90856_at,EPB41L2
90858_at,STK10
90864_i_at,WWP2
90866_r_at,WWP2
90871_at,NOX5
90874_at,SCNM1
90880_at,GHRLOS
90884_r_at,C14orf101
90906_at,RPL15
90914_at,TMC3
90919_at,TMTC4
90924_at,KIF26A
90933_at,CSNK1G1
90935_at,CCDC50
90941_f_at,NLGN4X
90944_at,LURAP1
90948_at,FGFR1OP2
90955_at,ADIG
90961_at,MCF2L
90963_at,UBR2
90966_at,KIAA1324
90975_i_at,CACNB2
90978_r_at,CACNB2
90981_at,RNF103
90985_at,LPAR5
90996_at,MC1R
91006_at,MYLK
91008_at,AMER3
91010_at,CCDC58P3
91013_at,EMR2
91019_at,MED29
91021_at,VMA21
91028_at,CCNDBP1
91030_at,STK10
91035_at,SPRR3
91040_at,STRAP
91052_at,BACH1///GRIK1-AS2
91065_r_at,IQCC
91071_at,IRGQ
91074_at,DNAJC5B
91083_at,SPATA6
91088_at,ZNRF2
91090_at,MTHFSD
91093_at,CEP95
91096_at,TRPM7
91100_at,PIK3R3
91102_r_at,ZNF789
91104_at,PEX5L-AS2
91109_at,PKHD1
91111_at,INTS9
91115_at,FAN1
91135_at,BABAM1
91144_at,GMFB
91145_at,HDAC7
91150_at,ZNF599
91158_at,CDC40
91160_at,PTAR1
91162_at,LINC00445
91166_at,STX4
91170_at,ERI2
91182_at,RAI14
91184_at,AKR1D1
91188_at,PTPN13
91208_at,TMEM194B
91210_at,LARP7
91218_at,LMBR1
91219_at,KY
91222_at,MROH1
91229_at,H2AFY
91231_at,C14orf64
91233_at,RAPSN
91237_at,GLIPR1
91243_at,PPP2R1A
91245_at,PRKAR2A-AS1
91248_at,SNHG14
91254_at,TRAF3IP3
91258_at,ULK4
91260_at,LINC00662
91268_at,CORO1A
91270_at,NEDD9
91272_at,VPS53
91278_at,ZNF311
91290_at,OTOS
91292_at,MIER1
91294_at,RNF168
91297_at,SULT1A1
91299_at,CCDC39
91308_at,SPG11
91310_at,GGNBP2
91316_at,KIAA1614
91323_at,AICDA
91331_at,SLC28A3
91335_r_at,KIAA0947
91336_at,LHX1
91341_at,LILRB4
91346_at,CDHR3
91354_at,RPUSD4
91362_at,CRYBB2P1
91374_at,KIAA1524
91380_at,ATXN7
91395_at,SLC25A51
91399_at,SYNRG
91402_at,NEBL
91407_at,RFWD3
91419_at,USP25
91421_at,SNX19
91424_at,TYW5
91426_at,DNAJC27-AS1
91427_at,FGD4
91430_at,TMEM33
91431_at,TMEM164
91433_at,RXRG
91435_at,TIGIT
91437_at,DCTN2
91442_at,TMEM37
91451_at,GPR22
91452_at,GOSR2
91454_at,KCMF1
91465_at,FGF9
91469_at,RANBP17
91471_at,ZNF529
91473_at,ZNF320
91478_at,PGBD4
91481_at,CYP4F22
91484_i_at,FTX
91487_r_at,FTX
91492_at,XG
91497_at,CADPS
91502_at,TMC6
91503_at,BTBD9-AS1
91506_at,SNX18
91509_at,PUS7L
91518_at,TMEM42
91525_at,LINC00115
91529_at,TRAPPC9
91534_at,REXO4
91553_at,CUL7
91555_at,KCNAB1
91564_at,BMP2K
91568_at,DHX30
91586_at,SLK
91595_at,TLR7
91596_at,GATA3-AS1
91600_at,NEK7
91604_at,YTHDC1
91611_at,DALRD3
91620_at,SSR4P1
91626_at,TMEM2
91636_at,IRG1
91638_at,TMEM131
91652_at,IPO11///LRRC70
91659_at,GRIA2
91661_at,KCNJ5
91665_at,SPRY3
91667_at,RPS6
91681_at,KCNK17
91685_at,EMX1
91686_at,BRAF
91688_at,C1QTNF6
91692_r_at,NOVA1
91702_at,RANBP10
91704_at,RUFY2
91710_at,UBASH3B
91714_at,SPHKAP
91719_at,ZNF618
91731_at,TOB2
91733_at,SLC26A9
91741_at,DFFA
91747_at,RNF144B
91763_at,ZC3H12C
91769_at,SLC30A5
91771_at,NARF
91773_at,METAP2
91775_at,DGKZ
91777_s_at,STAT2
91782_f_at,GNAO1
91785_r_at,GNAO1
91788_at,AGAP10
91792_at,NPC1
91809_at,IFT140
91812_at,MAP4K4
91814_s_at,LSAMP
91817_at,HOXD9
91819_at,CDK6
91827_at,SIRPB1///SIRPA
91830_i_at,SRP54
91832_r_at,SRP54
91838_r_at,DOCK6
91840_at,SRSF5
91847_at,ATHL1
91851_at,GALNT5
91853_at,ATM
91863_at,RAF1
91871_at,SESN1
91886_at,CEP104
91894_at,GPATCH2L
91896_at,RET
91897_at,TRIM5
91907_r_at,ARHGAP31
91917_at,CBLL1
91927_at,ZNF438
91941_at,NFE2L2
91942_at,GNL1
91954_s_at,PPARD
91956_r_at,PPARD
91958_at,SLC16A7
91960_at,DCLRE1C
91967_at,PWRN1
91969_at,RPRML
91973_at,HNRNPK
91980_at,ODF2
91988_at,MKRN3
91995_at,TREX2
91997_at,NUDCD3
91999_g_at,NUDCD3
92001_at,DENND1A
92011_at,C16orf70
92016_at,NUDT12
92019_r_at,ITGA8
92020_at,OXR1
92022_at,OTUD7B
92029_at,ZFP36L1
92032_at,ETV6
92037_at,ORAOV1
92039_at,PLEKHS1
92041_at,TUFM
92043_at,ARAP1
92046_at,ZNF493
92049_at,MED25
92051_at,AFF3
92053_at,MTRF1
92065_at,PDCD2
92066_at,NUAK2
92068_r_at,ECHDC2
92074_at,CHORDC1
92075_r_at,NPNT
92080_at,LYSMD1
92081_at,ERBB4
92088_at,GLUL
92089_at,KSR1
92091_at,MRPL50
92098_at,NSD1
92100_at,EPHA4
92102_f_at,TREML2
92108_at,RAB21
92114_at,LINC00422
92116_at,BCAN
92119_r_at,CHD9
92121_r_at,RBM12B
92123_at,CLSPN
92124_at,ARMC3
92127_at,IRX3
92128_f_at,ZNF90
92129_r_at,ZNF90
92130_r_at,PRDM8
92131_at,TMEM241
92135_at,C1orf185
92142_at,VWDE
92143_r_at,XIAP
92147_at,MLL
92150_at,TINCR
92155_at,FOSL2
92165_at,CLEC3A
92168_at,IGSF1
AFFX-HSAC07/X00351_3_at,ACTB
AFFX-HSAC07/X00351_5_at,ACTB
AFFX-HSAC07/X00351_M_at,ACTB
AFFX-HUMGAPDH/M33197_3_at,GAPDH
AFFX-HUMGAPDH/M33197_3_st,IFFO1
AFFX-HUMGAPDH/M33197_5_at,GAPDHP1///GAPDH
AFFX-HUMGAPDH/M33197_5_st,IFFO1
AFFX-HUMGAPDH/M33197_M_at,GAPDHP1///GAPDH
AFFX-HUMGAPDH/M33197_M_st,IFFO1
AFFX-HUMISGF3A/M97935_3_at,STAT1
AFFX-HUMISGF3A/M97935_5_at,STAT1
AFFX-HUMISGF3A/M97935_MA_at,STAT1
AFFX-HUMISGF3A/M97935_MB_at,STAT1
AFFX-HUMTFRR/M11507_3_at,TFRC
AFFX-HUMTFRR/M11507_5_at,TFRC
AFFX-HUMTFRR/M11507_M_at,TFRC
